PLINK v1.9.0-rc2 64-bit (13 Sep 2026)
Options in effect:
  --bfile D:\SX\TMFI_CPI_MR\reference\1000G_EUR
  --clump D:\SX\TMFI_CPI_MR\01_stage1_instruments\tmfi_gws_for_plink.tsv
  --clump-field P
  --clump-kb 10000
  --clump-p1 5e-8
  --clump-p2 5e-8
  --clump-r2 0.001
  --clump-snp-field SNP
  --out D:\SX\TMFI_CPI_MR\01_stage1_instruments\plink_tmfi_r2_0p001_kb10000

Hostname: LAPTOP-DIEVJLMT
Working directory: D:\SX
Start time: Fri Sep 18 16:14:56 2026

Random number seed: 1789719296
28476 MB RAM detected; reserving 14238 MB for main workspace.
1836406 variants loaded from .bim file.
503 people (240 males, 263 females) loaded from .fam.
Using 1 thread (no multithreaded calculations invoked).
Before main variant filters, 503 founders and 0 nonfounders present.
Calculating allele frequencies... done.
Total genotyping rate is exactly 1.
1836406 variants and 503 people pass filters and QC.
Note: No phenotypes present.
Warning: 'rs4805881' is missing from the main dataset, and is a top variant.
Warning: 'rs8103728' is missing from the main dataset, and is a top variant.
Warning: 'rs10422861' is missing from the main dataset, and is a top variant.
Warning: 'rs7256564' is missing from the main dataset, and is a top variant.
Warning: 'rs7250869' is missing from the main dataset, and is a top variant.
Warning: 'rs62102718' is missing from the main dataset, and is a top variant.
Warning: 'rs34590608' is missing from the main dataset, and is a top variant.
Warning: 'rs10418558' is missing from the main dataset, and is a top variant.
Warning: 'rs10415756' is missing from the main dataset, and is a top variant.
Warning: 'rs3786900' is missing from the main dataset, and is a top variant.
Warning: 'rs10405598' is missing from the main dataset, and is a top variant.
Warning: 'rs3786901' is missing from the main dataset, and is a top variant.
Warning: 'rs57457691' is missing from the main dataset, and is a top variant.
Warning: 'rs3786898' is missing from the main dataset, and is a top variant.
Warning: 'rs8107837' is missing from the main dataset, and is a top variant.
Warning: 'rs4805878' is missing from the main dataset, and is a top variant.
Warning: 'rs8106165' is missing from the main dataset, and is a top variant.
Warning: 'rs8104606' is missing from the main dataset, and is a top variant.
Warning: 'rs8109191' is missing from the main dataset, and is a top variant.
Warning: 'rs10406327' is missing from the main dataset, and is a top variant.
Warning: 'rs17760970' is missing from the main dataset, and is a top variant.
Warning: 'rs10413781' is missing from the main dataset, and is a top variant.
Warning: 'rs10407802' is missing from the main dataset, and is a top variant.
Warning: 'rs7248389' is missing from the main dataset, and is a top variant.
Warning: 'rs10413669' is missing from the main dataset, and is a top variant.
Warning: 'rs10410805' is missing from the main dataset, and is a top variant.
Warning: 'rs10401477' is missing from the main dataset, and is a top variant.
Warning: 'rs4805891' is missing from the main dataset, and is a top variant.
Warning: 'rs10402712' is missing from the main dataset, and is a top variant.
Warning: 'rs73927890' is missing from the main dataset, and is a top variant.
Warning: 'rs10417411' is missing from the main dataset, and is a top variant.
Warning: 'rs7249687' is missing from the main dataset, and is a top variant.
Warning: 'rs12460070' is missing from the main dataset, and is a top variant.
Warning: 'rs889138' is missing from the main dataset, and is a top variant.
Warning: 'rs430752' is missing from the main dataset, and is a top variant.
Warning: 'rs4805898' is missing from the main dataset, and is a top variant.
Warning: 'rs113938803' is missing from the main dataset, and is a top variant.
Warning: 'rs3826904' is missing from the main dataset, and is a top variant.
Warning: 'rs11712037' is missing from the main dataset, and is a top variant.
Warning: 'rs35000407' is missing from the main dataset, and is a top variant.
Warning: 'rs2012444' is missing from the main dataset, and is a top variant.
Warning: 'rs71304101' is missing from the main dataset, and is a top variant.
Warning: 'rs7649970' is missing from the main dataset, and is a top variant.
Warning: 'rs527620413' is missing from the main dataset, and is a top variant.
Warning: 'rs11128603' is missing from the main dataset, and is a top variant.
Warning: 'rs7610055' is missing from the main dataset, and is a top variant.
Warning: 'rs13085211' is missing from the main dataset, and is a top variant.
Warning: 'rs2881654' is missing from the main dataset, and is a top variant.
Warning: 'rs4135250' is missing from the main dataset, and is a top variant.
Warning: 'rs1899951' is missing from the main dataset, and is a top variant.
Warning: 'rs4684848' is missing from the main dataset, and is a top variant.
Warning: 'rs17036342' is missing from the main dataset, and is a top variant.
Warning: 'rs1005729' is missing from the main dataset, and is a top variant.
Warning: 'rs1005730' is missing from the main dataset, and is a top variant.
Warning: 'rs6802898' is missing from the main dataset, and is a top variant.
Warning: 'rs10423247' is missing from the main dataset, and is a top variant.
Warning: 'rs748891192' is missing from the main dataset, and is a top variant.
Warning: 'rs33836' is missing from the main dataset, and is a top variant.
Warning: 'rs646026' is missing from the main dataset, and is a top variant.
Warning: 'rs2287821' is missing from the main dataset, and is a top variant.
Warning: 'rs56361048' is missing from the main dataset, and is a top variant.
Warning: 'rs153701' is missing from the main dataset, and is a top variant.
Warning: 'rs5802132' is missing from the main dataset, and is a top variant.
Warning: 'rs9552494' is missing from the main dataset, and is a top variant.
Warning: 'rs9552495' is missing from the main dataset, and is a top variant.
Warning: 'rs2547227' is missing from the main dataset, and is a top variant.
Warning: 'rs2881479' is missing from the main dataset, and is a top variant.
Warning: 'rs7139751' is missing from the main dataset, and is a top variant.
Warning: 'rs77091279' is missing from the main dataset, and is a top variant.
Warning: 'rs73927875' is missing from the main dataset, and is a top variant.
Warning: 'rs500802' is missing from the main dataset, and is a top variant.
Warning: 'rs55933941' is missing from the main dataset, and is a top variant.
Warning: 'rs74958114' is missing from the main dataset, and is a top variant.
Warning: 'rs7995583' is missing from the main dataset, and is a top variant.
Warning: 'rs79789448' is missing from the main dataset, and is a top variant.
Warning: 'rs7258863' is missing from the main dataset, and is a top variant.
Warning: 'rs76690849' is missing from the main dataset, and is a top variant.
Warning: 'rs10500265' is missing from the main dataset, and is a top variant.
Warning: 'rs77710357' is missing from the main dataset, and is a top variant.
Warning: 'rs55889471' is missing from the main dataset, and is a top variant.
Warning: 'rs773041990' is missing from the main dataset, and is a top variant.
Warning: 'rs9552493' is missing from the main dataset, and is a top variant.
Warning: 'rs73588214' is missing from the main dataset, and is a top variant.
Warning: 'rs112101566' is missing from the main dataset, and is a top variant.
Warning: 'rs73584374' is missing from the main dataset, and is a top variant.
Warning: 'rs201050520' is missing from the main dataset, and is a top variant.
Warning: 'rs118005033' is missing from the main dataset, and is a top variant.
Warning: 'rs75396907' is missing from the main dataset, and is a top variant.
Warning: 'rs76738287' is missing from the main dataset, and is a top variant.
Warning: 'rs9552496' is missing from the main dataset, and is a top variant.
Warning: 'rs56399002' is missing from the main dataset, and is a top variant.
Warning: 'rs61398534' is missing from the main dataset, and is a top variant.
Warning: 'rs767412095' is missing from the main dataset, and is a top variant.
Warning: 'rs111229823' is missing from the main dataset, and is a top variant.
Warning: 'rs17834084' is missing from the main dataset, and is a top variant.
Warning: 'rs545210244' is missing from the main dataset, and is a top variant.
Warning: 'rs16968119' is missing from the main dataset, and is a top variant.
Warning: 'rs60267674' is missing from the main dataset, and is a top variant.
Warning: 'rs76885489' is missing from the main dataset, and is a top variant.
Warning: 'rs77427037' is missing from the main dataset, and is a top variant.
Warning: 'rs17834095' is missing from the main dataset, and is a top variant.
Warning: 'rs16968199' is missing from the main dataset, and is a top variant.
Warning: 'rs73590212' is missing from the main dataset, and is a top variant.
Warning: 'rs17761054' is missing from the main dataset, and is a top variant.
Warning: 'rs17834037' is missing from the main dataset, and is a top variant.
Warning: 'rs3745970' is missing from the main dataset, and is a top variant.
Warning: 'rs75327242' is missing from the main dataset, and is a top variant.
Warning: 'rs78198054' is missing from the main dataset, and is a top variant.
Warning: 'rs55675469' is missing from the main dataset, and is a top variant.
Warning: 'rs79244995' is missing from the main dataset, and is a top variant.
Warning: 'rs17760934' is missing from the main dataset, and is a top variant.
Warning: 'rs76505814' is missing from the main dataset, and is a top variant.
Warning: 'rs17760994' is missing from the main dataset, and is a top variant.
Warning: 'rs111164038' is missing from the main dataset, and is a top variant.
Warning: 'rs78256840' is missing from the main dataset, and is a top variant.
Warning: 'rs536596366' is missing from the main dataset, and is a top variant.
Warning: 'rs77439760' is missing from the main dataset, and is a top variant.
Warning: 'rs146067299' is missing from the main dataset, and is a top variant.
Warning: 'rs74820380' is missing from the main dataset, and is a top variant.
Warning: 'rs2288469' is missing from the main dataset, and is a top variant.
Warning: 'rs2167330' is missing from the main dataset, and is a top variant.
Warning: 'rs10827614' is missing from the main dataset, and is a top variant.
Warning: 'rs1360736' is missing from the main dataset, and is a top variant.
Warning: 'rs76338273' is missing from the main dataset, and is a top variant.
Warning: 'rs1451194' is missing from the main dataset, and is a top variant.
Warning: 'rs3786918' is missing from the main dataset, and is a top variant.
Warning: 'rs77071903' is missing from the main dataset, and is a top variant.
Warning: 'rs73926538' is missing from the main dataset, and is a top variant.
Warning: 'rs2218848' is missing from the main dataset, and is a top variant.
Warning: 'rs10827616' is missing from the main dataset, and is a top variant.
Warning: 'rs74839964' is missing from the main dataset, and is a top variant.
Warning: 'rs74934316' is missing from the main dataset, and is a top variant.
Warning: 'rs73588216' is missing from the main dataset, and is a top variant.
Warning: 'rs10410721' is missing from the main dataset, and is a top variant.
Warning: 'rs3760889' is missing from the main dataset, and is a top variant.
Warning: 'rs3786922' is missing from the main dataset, and is a top variant.
Warning: 'rs79319553' is missing from the main dataset, and is a top variant.
Warning: 'rs76179687' is missing from the main dataset, and is a top variant.
Warning: 'rs79910652' is missing from the main dataset, and is a top variant.
Warning: 'rs386808786' is missing from the main dataset, and is a top variant.
Warning: 'rs59043989' is missing from the main dataset, and is a top variant.
Warning: 'rs113992360' is missing from the main dataset, and is a top variant.
Warning: 'rs79411140' is missing from the main dataset, and is a top variant.
Warning: 'rs3786921' is missing from the main dataset, and is a top variant.
Warning: 'rs756702315' is missing from the main dataset, and is a top variant.
Warning: 'rs78264101' is missing from the main dataset, and is a top variant.
Warning: 'rs75975049' is missing from the main dataset, and is a top variant.
Warning: 'rs770246753' is missing from the main dataset, and is a top variant.
Warning: 'rs55865721' is missing from the main dataset, and is a top variant.
Warning: 'rs56054308' is missing from the main dataset, and is a top variant.
Warning: 'rs73041146' is missing from the main dataset, and is a top variant.
Warning: 'rs73035067' is missing from the main dataset, and is a top variant.
Warning: 'rs73026242' is missing from the main dataset, and is a top variant.
Warning: 'rs9552497' is missing from the main dataset, and is a top variant.
Warning: 'rs4770198' is missing from the main dataset, and is a top variant.
Warning: 'rs12369443' is missing from the main dataset, and is a top variant.
Warning: 'rs66720652' is missing from the main dataset, and is a top variant.
Warning: 'rs9552499' is missing from the main dataset, and is a top variant.
Warning: 'rs9552498' is missing from the main dataset, and is a top variant.
Warning: 'rs895096' is missing from the main dataset, and is a top variant.
Warning: 'rs895095' is missing from the main dataset, and is a top variant.
Warning: 'rs2963468' is missing from the main dataset, and is a top variant.
Warning: 'rs35831009' is missing from the main dataset, and is a top variant.
Warning: 'rs9313781' is missing from the main dataset, and is a top variant.
Warning: 'rs62384990' is missing from the main dataset, and is a top variant.
Warning: 'rs111669928' is missing from the main dataset, and is a top variant.
Warning: 'rs2914231' is missing from the main dataset, and is a top variant.
Warning: 'rs6872354' is missing from the main dataset, and is a top variant.
Warning: 'rs2914228' is missing from the main dataset, and is a top variant.
Warning: 'rs2963470' is missing from the main dataset, and is a top variant.
Warning: 'rs1835014' is missing from the main dataset, and is a top variant.
Warning: 'rs112889011' is missing from the main dataset, and is a top variant.
Warning: 'rs1428442' is missing from the main dataset, and is a top variant.
Warning: 'rs111346021' is missing from the main dataset, and is a top variant.
Warning: 'rs2820465' is missing from the main dataset, and is a top variant.
Warning: 'rs7298820' is missing from the main dataset, and is a top variant.
Warning: 'rs1428443' is missing from the main dataset, and is a top variant.
Warning: 'rs7298924' is missing from the main dataset, and is a top variant.
Warning: 'rs61029460' is missing from the main dataset, and is a top variant.
Warning: 'rs7488772' is missing from the main dataset, and is a top variant.
Warning: 'rs7488780' is missing from the main dataset, and is a top variant.
Warning: 'rs1650527' is missing from the main dataset, and is a top variant.
Warning: 'rs73067286' is missing from the main dataset, and is a top variant.
Warning: 'rs1650548' is missing from the main dataset, and is a top variant.
Warning: 'rs11045237' is missing from the main dataset, and is a top variant.
Warning: 'rs1651274' is missing from the main dataset, and is a top variant.
Warning: 'rs12031785' is missing from the main dataset, and is a top variant.
Warning: 'rs11118320' is missing from the main dataset, and is a top variant.
Warning: 'rs748510' is missing from the main dataset, and is a top variant.
Warning: 'rs4323719' is missing from the main dataset, and is a top variant.
Warning: 'rs7764488' is missing from the main dataset, and is a top variant.
Warning: 'rs12044156' is missing from the main dataset, and is a top variant.
Warning: 'rs34950020' is missing from the main dataset, and is a top variant.
Warning: 'rs7516171' is missing from the main dataset, and is a top variant.
Warning: 'rs12143910' is missing from the main dataset, and is a top variant.
Warning: 'rs11045236' is missing from the main dataset, and is a top variant.
Warning: 'rs11118319' is missing from the main dataset, and is a top variant.
Warning: 'rs9385649' is missing from the main dataset, and is a top variant.
Warning: 'rs12046972' is missing from the main dataset, and is a top variant.
Warning: 'rs11045235' is missing from the main dataset, and is a top variant.
Warning: 'rs9373056' is missing from the main dataset, and is a top variant.
Warning: 'rs636374' is missing from the main dataset, and is a top variant.
Warning: 'rs6672768' is missing from the main dataset, and is a top variant.
Warning: 'rs17055818' is missing from the main dataset, and is a top variant.
Warning: 'rs718700' is missing from the main dataset, and is a top variant.
Warning: 'rs1023667' is missing from the main dataset, and is a top variant.
Warning: 'rs5781125' is missing from the main dataset, and is a top variant.
Warning: 'rs77423258' is missing from the main dataset, and is a top variant.
Warning: 'rs34340969' is missing from the main dataset, and is a top variant.
Warning: 'rs6674544' is missing from the main dataset, and is a top variant.
Warning: 'rs56195015' is missing from the main dataset, and is a top variant.
Warning: 'rs4846303' is missing from the main dataset, and is a top variant.
Warning: 'rs4846302' is missing from the main dataset, and is a top variant.
Warning: 'rs13343443' is missing from the main dataset, and is a top variant.
Warning: 'rs35662751' is missing from the main dataset, and is a top variant.
Warning: 'rs10425433' is missing from the main dataset, and is a top variant.
Warning: 'rs2791544' is missing from the main dataset, and is a top variant.
Warning: 'rs2914229' is missing from the main dataset, and is a top variant.
Warning: 'rs2914226' is missing from the main dataset, and is a top variant.
Warning: 'rs6669442' is missing from the main dataset, and is a top variant.
Warning: 'rs2901008' is missing from the main dataset, and is a top variant.
Warning: 'rs2066152' is missing from the main dataset, and is a top variant.
Warning: 'rs2963471' is missing from the main dataset, and is a top variant.
Warning: 'rs4846561' is missing from the main dataset, and is a top variant.
Warning: 'rs1415293' is missing from the main dataset, and is a top variant.
Warning: 'rs1538747' is missing from the main dataset, and is a top variant.
Warning: 'rs2914233' is missing from the main dataset, and is a top variant.
Warning: 'rs2066153' is missing from the main dataset, and is a top variant.
Warning: 'rs11715261' is missing from the main dataset, and is a top variant.
Warning: 'rs12130231' is missing from the main dataset, and is a top variant.
Warning: 'rs2963476' is missing from the main dataset, and is a top variant.
Warning: 'rs1337101' is missing from the main dataset, and is a top variant.
Warning: 'rs1030472' is missing from the main dataset, and is a top variant.
Warning: 'rs201769762' is missing from the main dataset, and is a top variant.
Warning: 'rs2914224' is missing from the main dataset, and is a top variant.
Warning: 'rs2914225' is missing from the main dataset, and is a top variant.
Warning: 'rs746659352' is missing from the main dataset, and is a top variant.
Warning: 'rs2963474' is missing from the main dataset, and is a top variant.
Warning: 'rs112965849' is missing from the main dataset, and is a top variant.
Warning: 'rs6541224' is missing from the main dataset, and is a top variant.
Warning: 'rs1428444' is missing from the main dataset, and is a top variant.
Warning: 'rs201413041' is missing from the main dataset, and is a top variant.
Warning: 'rs58979703' is missing from the main dataset, and is a top variant.
Warning: 'rs11715234' is missing from the main dataset, and is a top variant.
Warning: 'rs2785988' is missing from the main dataset, and is a top variant.
Warning: 'rs7416272' is missing from the main dataset, and is a top variant.
Warning: 'rs141519005' is missing from the main dataset, and is a top variant.
Warning: 'rs890945' is missing from the main dataset, and is a top variant.
Warning: 'rs10476255' is missing from the main dataset, and is a top variant.
Warning: 'rs6541225' is missing from the main dataset, and is a top variant.
Warning: 'rs1415287' is missing from the main dataset, and is a top variant.
Warning: 'rs1415288' is missing from the main dataset, and is a top variant.
Warning: 'rs2820468' is missing from the main dataset, and is a top variant.
Warning: 'rs2914221' is missing from the main dataset, and is a top variant.
Warning: 'rs749853052' is missing from the main dataset, and is a top variant.
Warning: 'rs12031603' is missing from the main dataset, and is a top variant.
Warning: 'rs12024489' is missing from the main dataset, and is a top variant.
Warning: 'rs6888349' is missing from the main dataset, and is a top variant.
Warning: 'rs72732548' is missing from the main dataset, and is a top variant.
Warning: 'rs12024459' is missing from the main dataset, and is a top variant.
Warning: 'rs12031608' is missing from the main dataset, and is a top variant.
Warning: 'rs6689184' is missing from the main dataset, and is a top variant.
Warning: 'rs34543525' is missing from the main dataset, and is a top variant.
Warning: 'rs55927885' is missing from the main dataset, and is a top variant.
Warning: 'rs6679784' is missing from the main dataset, and is a top variant.
Warning: 'rs6689031' is missing from the main dataset, and is a top variant.
Warning: 'rs6541228' is missing from the main dataset, and is a top variant.
Warning: 'rs12026434' is missing from the main dataset, and is a top variant.
Warning: 'rs6541223' is missing from the main dataset, and is a top variant.
Warning: 'rs6694509' is missing from the main dataset, and is a top variant.
Warning: 'rs72808428' is missing from the main dataset, and is a top variant.
Warning: 'rs35552008' is missing from the main dataset, and is a top variant.
Warning: 'rs6684169' is missing from the main dataset, and is a top variant.
Warning: 'rs11118306' is missing from the main dataset, and is a top variant.
Warning: 'rs6684734' is missing from the main dataset, and is a top variant.
Warning: 'rs11118307' is missing from the main dataset, and is a top variant.
Warning: 'rs61836180' is missing from the main dataset, and is a top variant.
Warning: 'rs12406980' is missing from the main dataset, and is a top variant.
Warning: 'rs11118305' is missing from the main dataset, and is a top variant.
Warning: 'rs12028276' is missing from the main dataset, and is a top variant.
Warning: 'rs143129361' is missing from the main dataset, and is a top variant.
Warning: 'rs6689100' is missing from the main dataset, and is a top variant.
Warning: 'rs7555150' is missing from the main dataset, and is a top variant.
Warning: 'rs6698625' is missing from the main dataset, and is a top variant.
Warning: 'rs6689021' is missing from the main dataset, and is a top variant.
Warning: 'rs6698475' is missing from the main dataset, and is a top variant.
Warning: 'rs2057044' is missing from the main dataset, and is a top variant.
Warning: 'rs10036930' is missing from the main dataset, and is a top variant.
Warning: 'rs11118310' is missing from the main dataset, and is a top variant.
Warning: 'rs17569' is missing from the main dataset, and is a top variant.
Warning: 'rs11118309' is missing from the main dataset, and is a top variant.
Warning: 'rs6686253' is missing from the main dataset, and is a top variant.
Warning: 'rs12025220' is missing from the main dataset, and is a top variant.
Warning: 'rs11118311' is missing from the main dataset, and is a top variant.
Warning: 'rs12025282' is missing from the main dataset, and is a top variant.
Warning: 'rs12402986' is missing from the main dataset, and is a top variant.
Warning: 'rs11135038' is missing from the main dataset, and is a top variant.
Warning: 'rs10495121' is missing from the main dataset, and is a top variant.
Warning: 'rs1651267' is missing from the main dataset, and is a top variant.
Warning: 'rs7546202' is missing from the main dataset, and is a top variant.
Warning: 'rs1650503' is missing from the main dataset, and is a top variant.
Warning: 'rs12034272' is missing from the main dataset, and is a top variant.
Warning: 'rs1615199' is missing from the main dataset, and is a top variant.
Warning: 'rs1650531' is missing from the main dataset, and is a top variant.
Warning: 'rs1650502' is missing from the main dataset, and is a top variant.
Warning: 'rs1651266' is missing from the main dataset, and is a top variant.
Warning: 'rs1651268' is missing from the main dataset, and is a top variant.
Warning: 'rs1651270' is missing from the main dataset, and is a top variant.
Warning: 'rs890939' is missing from the main dataset, and is a top variant.
Warning: 'rs6671638' is missing from the main dataset, and is a top variant.
Warning: 'rs13436840' is missing from the main dataset, and is a top variant.
Warning: 'rs12131794' is missing from the main dataset, and is a top variant.
Warning: 'rs6681303' is missing from the main dataset, and is a top variant.
Warning: 'rs59584436' is missing from the main dataset, and is a top variant.
Warning: 'rs59770119' is missing from the main dataset, and is a top variant.
Warning: 'rs112648118' is missing from the main dataset, and is a top variant.
Warning: 'rs6699024' is missing from the main dataset, and is a top variant.
Warning: 'rs890943' is missing from the main dataset, and is a top variant.
Warning: 'rs890944' is missing from the main dataset, and is a top variant.
Warning: 'rs4846569' is missing from the main dataset, and is a top variant.
Warning: 'rs7538503' is missing from the main dataset, and is a top variant.
Warning: 'rs55893113' is missing from the main dataset, and is a top variant.
Warning: 'rs6693970' is missing from the main dataset, and is a top variant.
Warning: 'rs799227' is missing from the main dataset, and is a top variant.
Warning: 'rs890940' is missing from the main dataset, and is a top variant.
Warning: 'rs61627965' is missing from the main dataset, and is a top variant.
Warning: 'rs73927873' is missing from the main dataset, and is a top variant.
Warning: 'rs56360586' is missing from the main dataset, and is a top variant.
Warning: 'rs60199045' is missing from the main dataset, and is a top variant.
Warning: 'rs2485302' is missing from the main dataset, and is a top variant.
Warning: 'rs146400023' is missing from the main dataset, and is a top variant.
Warning: 'rs59339349' is missing from the main dataset, and is a top variant.
Warning: 'rs10078678' is missing from the main dataset, and is a top variant.
Warning: 'rs532542476' is missing from the main dataset, and is a top variant.
Warning: 'rs10074759' is missing from the main dataset, and is a top variant.
Warning: 'rs693944' is missing from the main dataset, and is a top variant.
Warning: 'rs28483178' is missing from the main dataset, and is a top variant.
Warning: 'rs7735800' is missing from the main dataset, and is a top variant.
Warning: 'rs73927852' is missing from the main dataset, and is a top variant.
Warning: 'rs549992091' is missing from the main dataset, and is a top variant.
Warning: 'rs3902972' is missing from the main dataset, and is a top variant.
Warning: 'rs113752630' is missing from the main dataset, and is a top variant.
Warning: 'rs59253852' is missing from the main dataset, and is a top variant.
Warning: 'rs9506731' is missing from the main dataset, and is a top variant.
Warning: 'rs6689370' is missing from the main dataset, and is a top variant.
Warning: 'rs6898196' is missing from the main dataset, and is a top variant.
Warning: 'rs6871959' is missing from the main dataset, and is a top variant.
Warning: 'rs7708604' is missing from the main dataset, and is a top variant.
Warning: 'rs2791549' is missing from the main dataset, and is a top variant.
Warning: 'rs1650507' is missing from the main dataset, and is a top variant.
Warning: 'rs2820460' is missing from the main dataset, and is a top variant.
Warning: 'rs6694150' is missing from the main dataset, and is a top variant.
Warning: 'rs2820430' is missing from the main dataset, and is a top variant.
Warning: 'rs34058591' is missing from the main dataset, and is a top variant.
Warning: 'rs75362055' is missing from the main dataset, and is a top variant.
Warning: 'rs559230165' is missing from the main dataset, and is a top variant.
Warning: 'rs9509855' is missing from the main dataset, and is a top variant.
Warning: 'rs12610925' is missing from the main dataset, and is a top variant.
Warning: 'rs9431559' is missing from the main dataset, and is a top variant.
Warning: 'rs1563353' is missing from the main dataset, and is a top variant.
Warning: 'rs748273' is missing from the main dataset, and is a top variant.
Warning: 'rs12036836' is missing from the main dataset, and is a top variant.
Warning: 'rs10779357' is missing from the main dataset, and is a top variant.
Warning: 'rs1531096' is missing from the main dataset, and is a top variant.
Warning: 'rs1856293' is missing from the main dataset, and is a top variant.
Warning: 'rs2785984' is missing from the main dataset, and is a top variant.
Warning: 'rs5781116' is missing from the main dataset, and is a top variant.
Warning: 'rs2963466' is missing from the main dataset, and is a top variant.
Warning: 'rs78857931' is missing from the main dataset, and is a top variant.
Warning: 'rs1337098' is missing from the main dataset, and is a top variant.
Warning: 'rs1122080' is missing from the main dataset, and is a top variant.
Warning: 'rs199904900' is missing from the main dataset, and is a top variant.
Warning: 'rs4846564' is missing from the main dataset, and is a top variant.
Warning: 'rs9431171' is missing from the main dataset, and is a top variant.
Warning: 'rs2785986' is missing from the main dataset, and is a top variant.
Warning: 'rs1415290' is missing from the main dataset, and is a top variant.
Warning: 'rs2993027' is missing from the main dataset, and is a top variant.
Warning: 'rs2785985' is missing from the main dataset, and is a top variant.
Warning: 'rs1531097' is missing from the main dataset, and is a top variant.
Warning: 'rs2820427' is missing from the main dataset, and is a top variant.
Warning: 'rs2785981' is missing from the main dataset, and is a top variant.
Warning: 'rs78190323' is missing from the main dataset, and is a top variant.
Warning: 'rs2605108' is missing from the main dataset, and is a top variant.
Warning: 'rs1531095' is missing from the main dataset, and is a top variant.
Warning: 'rs1563350' is missing from the main dataset, and is a top variant.
Warning: 'rs2791552' is missing from the main dataset, and is a top variant.
Warning: 'rs1563351' is missing from the main dataset, and is a top variant.
Warning: 'rs2605109' is missing from the main dataset, and is a top variant.
Warning: 'rs1563355' is missing from the main dataset, and is a top variant.
Warning: 'rs2445127' is missing from the main dataset, and is a top variant.
Warning: 'rs2791551' is missing from the main dataset, and is a top variant.
Warning: 'rs2486895' is missing from the main dataset, and is a top variant.
Warning: 'rs113400825' is missing from the main dataset, and is a top variant.
Warning: 'rs5781117' is missing from the main dataset, and is a top variant.
Warning: 'rs1563352' is missing from the main dataset, and is a top variant.
Warning: 'rs1340098' is missing from the main dataset, and is a top variant.
Warning: 'rs777065571' is missing from the main dataset, and is a top variant.
Warning: 'rs7257083' is missing from the main dataset, and is a top variant.
Warning: 'rs2605105' is missing from the main dataset, and is a top variant.
Warning: 'rs2605101' is missing from the main dataset, and is a top variant.
Warning: 'rs2605092' is missing from the main dataset, and is a top variant.
Warning: 'rs2605104' is missing from the main dataset, and is a top variant.
Warning: 'rs2605103' is missing from the main dataset, and is a top variant.
Warning: 'rs34927463' is missing from the main dataset, and is a top variant.
Warning: 'rs777255222' is missing from the main dataset, and is a top variant.
Warning: 'rs315635' is missing from the main dataset, and is a top variant.
Warning: 'rs2605095' is missing from the main dataset, and is a top variant.
Warning: 'rs751273121' is missing from the main dataset, and is a top variant.
Warning: 'rs1982499' is missing from the main dataset, and is a top variant.
Warning: 'rs2605093' is missing from the main dataset, and is a top variant.
Warning: 'rs2605094' is missing from the main dataset, and is a top variant.
Warning: 'rs1531094' is missing from the main dataset, and is a top variant.
Warning: 'rs73927877' is missing from the main dataset, and is a top variant.
Warning: 'rs315633' is missing from the main dataset, and is a top variant.
Warning: 'rs2605102' is missing from the main dataset, and is a top variant.
Warning: 'rs2791546' is missing from the main dataset, and is a top variant.
Warning: 'rs2605106' is missing from the main dataset, and is a top variant.
Warning: 'rs140582693' is missing from the main dataset, and is a top variant.
Warning: 'rs73927879' is missing from the main dataset, and is a top variant.
Warning: 'rs73927850' is missing from the main dataset, and is a top variant.
Warning: 'rs57940491' is missing from the main dataset, and is a top variant.
Warning: 'rs11669387' is missing from the main dataset, and is a top variant.
Warning: 'rs73927884' is missing from the main dataset, and is a top variant.
Warning: 'rs73927882' is missing from the main dataset, and is a top variant.
Warning: 'rs57044223' is missing from the main dataset, and is a top variant.
Warning: 'rs111317273' is missing from the main dataset, and is a top variant.
Warning: 'rs10420339' is missing from the main dataset, and is a top variant.
Warning: 'rs1531093' is missing from the main dataset, and is a top variant.
Warning: 'rs75541809' is missing from the main dataset, and is a top variant.
Warning: 'rs10408013' is missing from the main dataset, and is a top variant.
Warning: 'rs10402950' is missing from the main dataset, and is a top variant.
Warning: 'rs540346' is missing from the main dataset, and is a top variant.
Warning: 'rs8101286' is missing from the main dataset, and is a top variant.
Warning: 'rs547545' is missing from the main dataset, and is a top variant.
Warning: 'rs17833935' is missing from the main dataset, and is a top variant.
Warning: 'rs113129259' is missing from the main dataset, and is a top variant.
Warning: 'rs212776' is missing from the main dataset, and is a top variant.
Warning: 'rs78283736' is missing from the main dataset, and is a top variant.
Warning: 'rs212775' is missing from the main dataset, and is a top variant.
Warning: 'rs10411395' is missing from the main dataset, and is a top variant.
Warning: 'rs75796363' is missing from the main dataset, and is a top variant.
Warning: 'rs10050393' is missing from the main dataset, and is a top variant.
Warning: 'rs667890' is missing from the main dataset, and is a top variant.
Warning: 'rs34221005' is missing from the main dataset, and is a top variant.
Warning: 'rs7255408' is missing from the main dataset, and is a top variant.
Warning: 'rs10042492' is missing from the main dataset, and is a top variant.
Warning: 'rs62384972' is missing from the main dataset, and is a top variant.
Warning: 'rs10057332' is missing from the main dataset, and is a top variant.
Warning: 'rs501176' is missing from the main dataset, and is a top variant.
Warning: 'rs211440' is missing from the main dataset, and is a top variant.
Warning: 'rs212772' is missing from the main dataset, and is a top variant.
Warning: 'rs112991143' is missing from the main dataset, and is a top variant.
Warning: 'rs56151930' is missing from the main dataset, and is a top variant.
Warning: 'rs6887247' is missing from the main dataset, and is a top variant.
Warning: 'rs1465573' is missing from the main dataset, and is a top variant.
Warning: 'rs3859531' is missing from the main dataset, and is a top variant.
Warning: 'rs148389913' is missing from the main dataset, and is a top variant.
Warning: 'rs10410463' is missing from the main dataset, and is a top variant.
Warning: 'rs10872407' is missing from the main dataset, and is a top variant.
Warning: 'rs212777' is missing from the main dataset, and is a top variant.
Warning: 'rs33827' is missing from the main dataset, and is a top variant.
Warning: 'rs7256257' is missing from the main dataset, and is a top variant.
Warning: 'rs6878978' is missing from the main dataset, and is a top variant.
Warning: 'rs10408139' is missing from the main dataset, and is a top variant.
Warning: 'rs55919639' is missing from the main dataset, and is a top variant.
Warning: 'rs10417565' is missing from the main dataset, and is a top variant.
Warning: 'rs10779360' is missing from the main dataset, and is a top variant.
Warning: 'rs211442' is missing from the main dataset, and is a top variant.
Warning: 'rs111809322' is missing from the main dataset, and is a top variant.
Warning: 'rs147620092' is missing from the main dataset, and is a top variant.
Warning: 'rs10476259' is missing from the main dataset, and is a top variant.
Warning: 'rs2605111' is missing from the main dataset, and is a top variant.
Warning: 'rs28651277' is missing from the main dataset, and is a top variant.
Warning: 'rs212773' is missing from the main dataset, and is a top variant.
Warning: 'rs212771' is missing from the main dataset, and is a top variant.
Warning: 'rs7251706' is missing from the main dataset, and is a top variant.
Warning: 'rs1337102' is missing from the main dataset, and is a top variant.
Warning: 'rs7247929' is missing from the main dataset, and is a top variant.
Warning: 'rs34391126' is missing from the main dataset, and is a top variant.
Warning: 'rs12040264' is missing from the main dataset, and is a top variant.
Warning: 'rs211441' is missing from the main dataset, and is a top variant.
Warning: 'rs6913726' is missing from the main dataset, and is a top variant.
Warning: 'rs9313779' is missing from the main dataset, and is a top variant.
Warning: 'rs10067080' is missing from the main dataset, and is a top variant.
Warning: 'rs598286' is missing from the main dataset, and is a top variant.
Warning: 'rs212774' is missing from the main dataset, and is a top variant.
Warning: 'rs544860014' is missing from the main dataset, and is a top variant.
Warning: 'rs139241791' is missing from the main dataset, and is a top variant.
Warning: 'rs212766' is missing from the main dataset, and is a top variant.
Warning: 'rs769257323' is missing from the main dataset, and is a top variant.
Warning: 'rs35240997' is missing from the main dataset, and is a top variant.
Warning: 'rs212765' is missing from the main dataset, and is a top variant.
Warning: 'rs12461525' is missing from the main dataset, and is a top variant.
Warning: 'rs74376820' is missing from the main dataset, and is a top variant.
Warning: 'rs1345756' is missing from the main dataset, and is a top variant.
Warning: 'rs9313777' is missing from the main dataset, and is a top variant.
Warning: 'rs28522278' is missing from the main dataset, and is a top variant.
Warning: 'rs35132399' is missing from the main dataset, and is a top variant.
Warning: 'rs11880064' is missing from the main dataset, and is a top variant.
Warning: 'rs8107273' is missing from the main dataset, and is a top variant.
Warning: 'rs7255303' is missing from the main dataset, and is a top variant.
Warning: 'rs3826901' is missing from the main dataset, and is a top variant.
Warning: 'rs10423840' is missing from the main dataset, and is a top variant.
Warning: 'rs7248219' is missing from the main dataset, and is a top variant.
Warning: 'rs7258496' is missing from the main dataset, and is a top variant.
Warning: 'rs10423941' is missing from the main dataset, and is a top variant.
Warning: 'rs7254613' is missing from the main dataset, and is a top variant.
Warning: 'rs2896829' is missing from the main dataset, and is a top variant.
Warning: 'rs1107150' is missing from the main dataset, and is a top variant.
Warning: 'rs35208092' is missing from the main dataset, and is a top variant.
Warning: 'rs874810' is missing from the main dataset, and is a top variant.
Warning: 'rs1477337' is missing from the main dataset, and is a top variant.
Warning: 'rs667955' is missing from the main dataset, and is a top variant.
Warning: 'rs7256583' is missing from the main dataset, and is a top variant.
Warning: 'rs2241380' is missing from the main dataset, and is a top variant.
Warning: 'rs4362489' is missing from the main dataset, and is a top variant.
Warning: 'rs212763' is missing from the main dataset, and is a top variant.
Warning: 'rs10404501' is missing from the main dataset, and is a top variant.
Warning: 'rs212779' is missing from the main dataset, and is a top variant.
Warning: 'rs61285153' is missing from the main dataset, and is a top variant.
Warning: 'rs73024215' is missing from the main dataset, and is a top variant.
Warning: 'rs75983562' is missing from the main dataset, and is a top variant.
Warning: 'rs2561869' is missing from the main dataset, and is a top variant.
Warning: 'rs874639' is missing from the main dataset, and is a top variant.
Warning: 'rs6940510' is missing from the main dataset, and is a top variant.
Warning: 'rs874638' is missing from the main dataset, and is a top variant.
Warning: 'rs8113247' is missing from the main dataset, and is a top variant.
Warning: 'rs40500' is missing from the main dataset, and is a top variant.
Warning: 'rs598699' is missing from the main dataset, and is a top variant.
Warning: 'rs55947866' is missing from the main dataset, and is a top variant.
Warning: 'rs3777796' is missing from the main dataset, and is a top variant.
Warning: 'rs9402498' is missing from the main dataset, and is a top variant.
Warning: 'rs56377439' is missing from the main dataset, and is a top variant.
Warning: 'rs12192839' is missing from the main dataset, and is a top variant.
Warning: 'rs61946793' is missing from the main dataset, and is a top variant.
Warning: 'rs140184977' is missing from the main dataset, and is a top variant.
Warning: 'rs34914033' is missing from the main dataset, and is a top variant.
Warning: 'rs5872563' is missing from the main dataset, and is a top variant.
Warning: 'rs13095372' is missing from the main dataset, and is a top variant.
Warning: 'rs34295844' is missing from the main dataset, and is a top variant.
Warning: 'rs9375949' is missing from the main dataset, and is a top variant.
Warning: 'rs6795946' is missing from the main dataset, and is a top variant.
Warning: 'rs9385641' is missing from the main dataset, and is a top variant.
Warning: 'rs12580347' is missing from the main dataset, and is a top variant.
Warning: 'rs9385640' is missing from the main dataset, and is a top variant.
Warning: 'rs113458763' is missing from the main dataset, and is a top variant.
Warning: 'rs9389059' is missing from the main dataset, and is a top variant.
Warning: 'rs12210381' is missing from the main dataset, and is a top variant.
Warning: 'rs12204720' is missing from the main dataset, and is a top variant.
Warning: 'rs12211810' is missing from the main dataset, and is a top variant.
Warning: 'rs1451193' is missing from the main dataset, and is a top variant.
Warning: 'rs4684845' is missing from the main dataset, and is a top variant.
Warning: 'rs12631028' is missing from the main dataset, and is a top variant.
Warning: 'rs6785890' is missing from the main dataset, and is a top variant.
Warning: 'rs144261127' is missing from the main dataset, and is a top variant.
Warning: 'rs1451192' is missing from the main dataset, and is a top variant.
Warning: 'rs6809631' is missing from the main dataset, and is a top variant.
Warning: 'rs11716748' is missing from the main dataset, and is a top variant.
Warning: 'rs4362702' is missing from the main dataset, and is a top variant.
Warning: 'rs9373041' is missing from the main dataset, and is a top variant.
Warning: 'rs62428631' is missing from the main dataset, and is a top variant.
Warning: 'rs141429356' is missing from the main dataset, and is a top variant.
Warning: 'rs1832392' is missing from the main dataset, and is a top variant.
Warning: 'rs12190309' is missing from the main dataset, and is a top variant.
Warning: 'rs12634544' is missing from the main dataset, and is a top variant.
Warning: 'rs6808179' is missing from the main dataset, and is a top variant.
Warning: 'rs12189904' is missing from the main dataset, and is a top variant.
Warning: 'rs56064330' is missing from the main dataset, and is a top variant.
Warning: 'rs1855557' is missing from the main dataset, and is a top variant.
Warning: 'rs12209060' is missing from the main dataset, and is a top variant.
Warning: 'rs7750279' is missing from the main dataset, and is a top variant.
Warning: 'rs12201411' is missing from the main dataset, and is a top variant.
Warning: 'rs12213280' is missing from the main dataset, and is a top variant.
Warning: 'rs17055976' is missing from the main dataset, and is a top variant.
Warning: 'rs9389060' is missing from the main dataset, and is a top variant.
Warning: 'rs12202747' is missing from the main dataset, and is a top variant.
Warning: 'rs12202653' is missing from the main dataset, and is a top variant.
Warning: 'rs62428565' is missing from the main dataset, and is a top variant.
Warning: 'rs12201315' is missing from the main dataset, and is a top variant.
Warning: 'rs10457603' is missing from the main dataset, and is a top variant.
Warning: 'rs10457602' is missing from the main dataset, and is a top variant.
Warning: 'rs10457604' is missing from the main dataset, and is a top variant.
Warning: 'rs12208638' is missing from the main dataset, and is a top variant.
Warning: 'rs12215649' is missing from the main dataset, and is a top variant.
Warning: 'rs12208582' is missing from the main dataset, and is a top variant.
Warning: 'rs12208475' is missing from the main dataset, and is a top variant.
Warning: 'rs10457003' is missing from the main dataset, and is a top variant.
Warning: 'rs10457600' is missing from the main dataset, and is a top variant.
Warning: 'rs3777785' is missing from the main dataset, and is a top variant.
Warning: 'rs202026990' is missing from the main dataset, and is a top variant.
Warning: 'rs11710969' is missing from the main dataset, and is a top variant.
Warning: 'rs6900934' is missing from the main dataset, and is a top variant.
Warning: 'rs12195462' is missing from the main dataset, and is a top variant.
Warning: 'rs200919305' is missing from the main dataset, and is a top variant.
Warning: 'rs12199138' is missing from the main dataset, and is a top variant.
Warning: 'rs33847' is missing from the main dataset, and is a top variant.
Warning: 'rs10872402' is missing from the main dataset, and is a top variant.
Warning: 'rs12193038' is missing from the main dataset, and is a top variant.
Warning: 'rs7750218' is missing from the main dataset, and is a top variant.
Warning: 'rs7750376' is missing from the main dataset, and is a top variant.
Warning: 'rs7770031' is missing from the main dataset, and is a top variant.
Warning: 'rs6930324' is missing from the main dataset, and is a top variant.
Warning: 'rs10457601' is missing from the main dataset, and is a top variant.
Warning: 'rs74464144' is missing from the main dataset, and is a top variant.
Warning: 'rs12209385' is missing from the main dataset, and is a top variant.
Warning: 'rs9375942' is missing from the main dataset, and is a top variant.
Warning: 'rs9402488' is missing from the main dataset, and is a top variant.
Warning: 'rs9385635' is missing from the main dataset, and is a top variant.
Warning: 'rs12197255' is missing from the main dataset, and is a top variant.
Warning: 'rs12196256' is missing from the main dataset, and is a top variant.
Warning: 'rs28684849' is missing from the main dataset, and is a top variant.
Warning: 'rs12206438' is missing from the main dataset, and is a top variant.
Warning: 'rs12193158' is missing from the main dataset, and is a top variant.
Warning: 'rs75845749' is missing from the main dataset, and is a top variant.
Warning: 'rs77664693' is missing from the main dataset, and is a top variant.
Warning: 'rs74298536' is missing from the main dataset, and is a top variant.
Warning: 'rs12203712' is missing from the main dataset, and is a top variant.
Warning: 'rs77692843' is missing from the main dataset, and is a top variant.
Warning: 'rs12215217' is missing from the main dataset, and is a top variant.
Warning: 'rs9662802' is missing from the main dataset, and is a top variant.
Warning: 'rs77962041' is missing from the main dataset, and is a top variant.
Warning: 'rs6910042' is missing from the main dataset, and is a top variant.
Warning: 'rs2963479' is missing from the main dataset, and is a top variant.
Warning: 'rs2346795' is missing from the main dataset, and is a top variant.
Warning: 'rs957183' is missing from the main dataset, and is a top variant.
Warning: 'rs11118335' is missing from the main dataset, and is a top variant.
Warning: 'rs2180729' is missing from the main dataset, and is a top variant.
Warning: 'rs59793266' is missing from the main dataset, and is a top variant.
Warning: 'rs111376044' is missing from the main dataset, and is a top variant.
Warning: 'rs9385634' is missing from the main dataset, and is a top variant.
Warning: 'rs12213452' is missing from the main dataset, and is a top variant.
Warning: 'rs62428563' is missing from the main dataset, and is a top variant.
Warning: 'rs12213350' is missing from the main dataset, and is a top variant.
Warning: 'rs62428596' is missing from the main dataset, and is a top variant.
Warning: 'rs6913000' is missing from the main dataset, and is a top variant.
Warning: 'rs7749533' is missing from the main dataset, and is a top variant.
Warning: 'rs12210925' is missing from the main dataset, and is a top variant.
Warning: 'rs10510412' is missing from the main dataset, and is a top variant.
Warning: 'rs10865711' is missing from the main dataset, and is a top variant.
Warning: 'rs9373038' is missing from the main dataset, and is a top variant.
Warning: 'rs4684101' is missing from the main dataset, and is a top variant.
Warning: 'rs12202540' is missing from the main dataset, and is a top variant.
Warning: 'rs9402487' is missing from the main dataset, and is a top variant.
Warning: 'rs9389052' is missing from the main dataset, and is a top variant.
Warning: 'rs79367994' is missing from the main dataset, and is a top variant.
Warning: 'rs2963469' is missing from the main dataset, and is a top variant.
Warning: 'rs59390337' is missing from the main dataset, and is a top variant.
Warning: 'rs57819653' is missing from the main dataset, and is a top variant.
Warning: 'rs3111141' is missing from the main dataset, and is a top variant.
Warning: 'rs6795085' is missing from the main dataset, and is a top variant.
Warning: 'rs12639094' is missing from the main dataset, and is a top variant.
Warning: 'rs6768049' is missing from the main dataset, and is a top variant.
Warning: 'rs13097936' is missing from the main dataset, and is a top variant.
Warning: 'rs12629293' is missing from the main dataset, and is a top variant.
Warning: 'rs12496505' is missing from the main dataset, and is a top variant.
Warning: 'rs13090995' is missing from the main dataset, and is a top variant.
Warning: 'rs35917766' is missing from the main dataset, and is a top variant.
Warning: 'rs13095716' is missing from the main dataset, and is a top variant.
Warning: 'rs67654715' is missing from the main dataset, and is a top variant.
Warning: 'rs11715016' is missing from the main dataset, and is a top variant.
Warning: 'rs12211999' is missing from the main dataset, and is a top variant.
Warning: 'rs12154207' is missing from the main dataset, and is a top variant.
Warning: 'rs3848600' is missing from the main dataset, and is a top variant.
Warning: 'rs12200393' is missing from the main dataset, and is a top variant.
Warning: 'rs6569873' is missing from the main dataset, and is a top variant.
Warning: 'rs12213690' is missing from the main dataset, and is a top variant.
Warning: 'rs62428597' is missing from the main dataset, and is a top variant.
Warning: 'rs6776454' is missing from the main dataset, and is a top variant.
Warning: 'rs9375948' is missing from the main dataset, and is a top variant.
Warning: 'rs58010754' is missing from the main dataset, and is a top variant.
Warning: 'rs12191026' is missing from the main dataset, and is a top variant.
Warning: 'rs13065423' is missing from the main dataset, and is a top variant.
Warning: 'rs12631389' is missing from the main dataset, and is a top variant.
Warning: 'rs80069020' is missing from the main dataset, and is a top variant.
Warning: 'rs75166948' is missing from the main dataset, and is a top variant.
Warning: 'rs12199958' is missing from the main dataset, and is a top variant.
Warning: 'rs11154715' is missing from the main dataset, and is a top variant.
Warning: 'rs12190728' is missing from the main dataset, and is a top variant.
Warning: 'rs7746390' is missing from the main dataset, and is a top variant.
Warning: 'rs12199555' is missing from the main dataset, and is a top variant.
Warning: 'rs12196492' is missing from the main dataset, and is a top variant.
Warning: 'rs200053490' is missing from the main dataset, and is a top variant.
Warning: 'rs56153134' is missing from the main dataset, and is a top variant.
Warning: 'rs12629497' is missing from the main dataset, and is a top variant.
Warning: 'rs142721876' is missing from the main dataset, and is a top variant.
Warning: 'rs12210216' is missing from the main dataset, and is a top variant.
Warning: 'rs9483554' is missing from the main dataset, and is a top variant.
Warning: 'rs10665975' is missing from the main dataset, and is a top variant.
Warning: 'rs6900277' is missing from the main dataset, and is a top variant.
Warning: 'rs12215534' is missing from the main dataset, and is a top variant.
Warning: 'rs62428629' is missing from the main dataset, and is a top variant.
Warning: 'rs751269945' is missing from the main dataset, and is a top variant.
Warning: 'rs77366227' is missing from the main dataset, and is a top variant.
Warning: 'rs9399054' is missing from the main dataset, and is a top variant.
Warning: 'rs12208899' is missing from the main dataset, and is a top variant.
Warning: 'rs3756872' is missing from the main dataset, and is a top variant.
Warning: 'rs3756871' is missing from the main dataset, and is a top variant.
Warning: 'rs10408375' is missing from the main dataset, and is a top variant.
Warning: 'rs10406565' is missing from the main dataset, and is a top variant.
Warning: 'rs11878612' is missing from the main dataset, and is a top variant.
Warning: 'rs61699726' is missing from the main dataset, and is a top variant.
Warning: 'rs880663' is missing from the main dataset, and is a top variant.
Warning: 'rs6941949' is missing from the main dataset, and is a top variant.
Warning: 'rs2963431' is missing from the main dataset, and is a top variant.
Warning: 'rs12710011' is missing from the main dataset, and is a top variant.
Warning: 'rs545552072' is missing from the main dataset, and is a top variant.
Warning: 'rs12631322' is missing from the main dataset, and is a top variant.
Warning: 'rs2920504' is missing from the main dataset, and is a top variant.
Warning: 'rs62428628' is missing from the main dataset, and is a top variant.
Warning: 'rs2920505' is missing from the main dataset, and is a top variant.
Warning: 'rs12459381' is missing from the main dataset, and is a top variant.
Warning: 'rs12204996' is missing from the main dataset, and is a top variant.
Warning: 'rs2241382' is missing from the main dataset, and is a top variant.
Warning: 'rs3756869' is missing from the main dataset, and is a top variant.
Warning: 'rs10416600' is missing from the main dataset, and is a top variant.
Warning: 'rs1832394' is missing from the main dataset, and is a top variant.
Warning: 'rs2208343' is missing from the main dataset, and is a top variant.
Warning: 'rs8113367' is missing from the main dataset, and is a top variant.
Warning: 'rs760313240' is missing from the main dataset, and is a top variant.
Warning: 'rs17570' is missing from the main dataset, and is a top variant.
Warning: 'rs8110070' is missing from the main dataset, and is a top variant.
Warning: 'rs9389056' is missing from the main dataset, and is a top variant.
Warning: 'rs6786675' is missing from the main dataset, and is a top variant.
Warning: 'rs7756963' is missing from the main dataset, and is a top variant.
Warning: 'rs11128600' is missing from the main dataset, and is a top variant.
Warning: 'rs58102308' is missing from the main dataset, and is a top variant.
Warning: 'rs67100517' is missing from the main dataset, and is a top variant.
Warning: 'rs10775578' is missing from the main dataset, and is a top variant.
Warning: 'rs74280642' is missing from the main dataset, and is a top variant.
Warning: 'rs4289671' is missing from the main dataset, and is a top variant.
Warning: 'rs6805092' is missing from the main dataset, and is a top variant.
Warning: 'rs12209655' is missing from the main dataset, and is a top variant.
Warning: 'rs6913444' is missing from the main dataset, and is a top variant.
Warning: 'rs12496005' is missing from the main dataset, and is a top variant.
Warning: 'rs35541642' is missing from the main dataset, and is a top variant.
Warning: 'rs58910856' is missing from the main dataset, and is a top variant.
Warning: 'rs4531856' is missing from the main dataset, and is a top variant.
Warning: 'rs17299024' is missing from the main dataset, and is a top variant.
Warning: 'rs12196069' is missing from the main dataset, and is a top variant.
Warning: 'rs11720578' is missing from the main dataset, and is a top variant.
Warning: 'rs10424312' is missing from the main dataset, and is a top variant.
Warning: 'rs9493563' is missing from the main dataset, and is a top variant.
Warning: 'rs7258593' is missing from the main dataset, and is a top variant.
Warning: 'rs62430275' is missing from the main dataset, and is a top variant.
Warning: 'rs34430055' is missing from the main dataset, and is a top variant.
Warning: 'rs9493535' is missing from the main dataset, and is a top variant.
Warning: 'rs10775579' is missing from the main dataset, and is a top variant.
Warning: 'rs56004388' is missing from the main dataset, and is a top variant.
Warning: 'rs113817202' is missing from the main dataset, and is a top variant.
Warning: 'rs59906034' is missing from the main dataset, and is a top variant.
Warning: 'rs35146940' is missing from the main dataset, and is a top variant.
Warning: 'rs35355828' is missing from the main dataset, and is a top variant.
Warning: 'rs11672697' is missing from the main dataset, and is a top variant.
Warning: 'rs6781687' is missing from the main dataset, and is a top variant.
Warning: 'rs6569869' is missing from the main dataset, and is a top variant.
Warning: 'rs6927764' is missing from the main dataset, and is a top variant.
Warning: 'rs8108999' is missing from the main dataset, and is a top variant.
Warning: 'rs10510417' is missing from the main dataset, and is a top variant.
Warning: 'rs71304098' is missing from the main dataset, and is a top variant.
Warning: 'rs66550663' is missing from the main dataset, and is a top variant.
Warning: 'rs34685612' is missing from the main dataset, and is a top variant.
Warning: 'rs13088608' is missing from the main dataset, and is a top variant.
Warning: 'rs17036314' is missing from the main dataset, and is a top variant.
Warning: 'rs71304095' is missing from the main dataset, and is a top variant.
Warning: 'rs13088598' is missing from the main dataset, and is a top variant.
Warning: 'rs71304092' is missing from the main dataset, and is a top variant.
Warning: 'rs35316189' is missing from the main dataset, and is a top variant.
Warning: 'rs13067702' is missing from the main dataset, and is a top variant.
Warning: 'rs71304097' is missing from the main dataset, and is a top variant.
Warning: 'rs35877199' is missing from the main dataset, and is a top variant.
Warning: 'rs35057507' is missing from the main dataset, and is a top variant.
Warning: 'rs71304096' is missing from the main dataset, and is a top variant.
Warning: 'rs2963477' is missing from the main dataset, and is a top variant.
Warning: 'rs4073770' is missing from the main dataset, and is a top variant.
Warning: 'rs9876942' is missing from the main dataset, and is a top variant.
Warning: 'rs1469024' is missing from the main dataset, and is a top variant.
Warning: 'rs34780220' is missing from the main dataset, and is a top variant.
Warning: 'rs7748926' is missing from the main dataset, and is a top variant.
Warning: 'rs13064273' is missing from the main dataset, and is a top variant.
Warning: 'rs35577339' is missing from the main dataset, and is a top variant.
Warning: 'rs12206291' is missing from the main dataset, and is a top variant.
Warning: 'rs11128602' is missing from the main dataset, and is a top variant.
Warning: 'rs143888770' is missing from the main dataset, and is a top variant.
Warning: 'rs13077227' is missing from the main dataset, and is a top variant.
Warning: 'rs146888519' is missing from the main dataset, and is a top variant.
Warning: 'rs35252428' is missing from the main dataset, and is a top variant.
Warning: 'rs78518024' is missing from the main dataset, and is a top variant.
Warning: 'rs28620929' is missing from the main dataset, and is a top variant.
Warning: 'rs9402489' is missing from the main dataset, and is a top variant.
Warning: 'rs7754501' is missing from the main dataset, and is a top variant.
Warning: 'rs71304093' is missing from the main dataset, and is a top variant.
Warning: 'rs181940904' is missing from the main dataset, and is a top variant.
Warning: 'rs13066157' is missing from the main dataset, and is a top variant.
Warning: 'rs8109944' is missing from the main dataset, and is a top variant.
Warning: 'rs13071168' is missing from the main dataset, and is a top variant.
Warning: 'rs7247222' is missing from the main dataset, and is a top variant.
Warning: 'rs6907883' is missing from the main dataset, and is a top variant.
Warning: 'rs140373654' is missing from the main dataset, and is a top variant.
Warning: 'rs199775406' is missing from the main dataset, and is a top variant.
Warning: 'rs679825' is missing from the main dataset, and is a top variant.
Warning: 'rs11718525' is missing from the main dataset, and is a top variant.
Warning: 'rs2419911' is missing from the main dataset, and is a top variant.
Warning: 'rs13088452' is missing from the main dataset, and is a top variant.
Warning: 'rs9321393' is missing from the main dataset, and is a top variant.
Warning: 'rs9399053' is missing from the main dataset, and is a top variant.
Warning: 'rs71628735' is missing from the main dataset, and is a top variant.
Warning: 'rs7256111' is missing from the main dataset, and is a top variant.
Warning: 'rs11666808' is missing from the main dataset, and is a top variant.
Warning: 'rs2964484' is missing from the main dataset, and is a top variant.
Warning: 'rs651243' is missing from the main dataset, and is a top variant.
Warning: 'rs651196' is missing from the main dataset, and is a top variant.
Warning: 'rs13066537' is missing from the main dataset, and is a top variant.
Warning: 'rs12356713' is missing from the main dataset, and is a top variant.
Warning: 'rs11719187' is missing from the main dataset, and is a top variant.
Warning: 'rs13064800' is missing from the main dataset, and is a top variant.
Warning: 'rs11719186' is missing from the main dataset, and is a top variant.
Warning: 'rs71628736' is missing from the main dataset, and is a top variant.
Warning: 'rs571206' is missing from the main dataset, and is a top variant.
Warning: 'rs35220653' is missing from the main dataset, and is a top variant.
Warning: 'rs3786893' is missing from the main dataset, and is a top variant.
Warning: 'rs1562040' is missing from the main dataset, and is a top variant.
Warning: 'rs11719082' is missing from the main dataset, and is a top variant.
Warning: 'rs1651272' is missing from the main dataset, and is a top variant.
Warning: 'rs12520982' is missing from the main dataset, and is a top variant.
Warning: 'rs12214103' is missing from the main dataset, and is a top variant.
Warning: 'rs7327024' is missing from the main dataset, and is a top variant.
Warning: 'rs11709119' is missing from the main dataset, and is a top variant.
Warning: 'rs7647950' is missing from the main dataset, and is a top variant.
Warning: 'rs8111027' is missing from the main dataset, and is a top variant.
Warning: 'rs34881099' is missing from the main dataset, and is a top variant.
Warning: 'rs7325692' is missing from the main dataset, and is a top variant.
Warning: 'rs942030' is missing from the main dataset, and is a top variant.
Warning: 'rs1596417' is missing from the main dataset, and is a top variant.
Warning: 'rs7628899' is missing from the main dataset, and is a top variant.
Warning: 'rs17036130' is missing from the main dataset, and is a top variant.
Warning: 'rs7319110' is missing from the main dataset, and is a top variant.
Warning: 'rs9316473' is missing from the main dataset, and is a top variant.
Warning: 'rs36086545' is missing from the main dataset, and is a top variant.
Warning: 'rs737251' is missing from the main dataset, and is a top variant.
Warning: 'rs34562457' is missing from the main dataset, and is a top variant.
Warning: 'rs1570407' is missing from the main dataset, and is a top variant.
Warning: 'rs113687137' is missing from the main dataset, and is a top variant.
Warning: 'rs61959936' is missing from the main dataset, and is a top variant.
Warning: 'rs11715886' is missing from the main dataset, and is a top variant.
Warning: 'rs13079332' is missing from the main dataset, and is a top variant.
Warning: 'rs11715362' is missing from the main dataset, and is a top variant.
Warning: 'rs4358505' is missing from the main dataset, and is a top variant.
Warning: 'rs9535296' is missing from the main dataset, and is a top variant.
Warning: 'rs6902347' is missing from the main dataset, and is a top variant.
Warning: 'rs71624931' is missing from the main dataset, and is a top variant.
Warning: 'rs1885539' is missing from the main dataset, and is a top variant.
Warning: 'rs34206487' is missing from the main dataset, and is a top variant.
Warning: 'rs9535297' is missing from the main dataset, and is a top variant.
Warning: 'rs2963463' is missing from the main dataset, and is a top variant.
Warning: 'rs34389637' is missing from the main dataset, and is a top variant.
Warning: 'rs890941' is missing from the main dataset, and is a top variant.
Warning: 'rs59306735' is missing from the main dataset, and is a top variant.
Warning: 'rs61959934' is missing from the main dataset, and is a top variant.
Warning: 'rs3885307' is missing from the main dataset, and is a top variant.
Warning: 'rs9568303' is missing from the main dataset, and is a top variant.
Warning: 'rs7754486' is missing from the main dataset, and is a top variant.
Warning: 'rs13169551' is missing from the main dataset, and is a top variant.
Warning: 'rs9535299' is missing from the main dataset, and is a top variant.
Warning: 'rs6935390' is missing from the main dataset, and is a top variant.
Warning: 'rs4895952' is missing from the main dataset, and is a top variant.
Warning: 'rs727682' is missing from the main dataset, and is a top variant.
Warning: 'rs2963462' is missing from the main dataset, and is a top variant.
Warning: 'rs78934949' is missing from the main dataset, and is a top variant.
Warning: 'rs58683249' is missing from the main dataset, and is a top variant.
Warning: 'rs79602905' is missing from the main dataset, and is a top variant.
Warning: 'rs796752765' is missing from the main dataset, and is a top variant.
Warning: 'rs71304088' is missing from the main dataset, and is a top variant.
Warning: 'rs9568305' is missing from the main dataset, and is a top variant.
Warning: 'rs35551471' is missing from the main dataset, and is a top variant.
Warning: 'rs10686842' is missing from the main dataset, and is a top variant.
Warning: 'rs58325618' is missing from the main dataset, and is a top variant.
Warning: 'rs7746298' is missing from the main dataset, and is a top variant.
Warning: 'rs11422419' is missing from the main dataset, and is a top variant.
Warning: 'rs6146484' is missing from the main dataset, and is a top variant.
Warning: 'rs890942' is missing from the main dataset, and is a top variant.
Warning: 'rs34446428' is missing from the main dataset, and is a top variant.
Warning: 'rs71304090' is missing from the main dataset, and is a top variant.
Warning: 'rs71304089' is missing from the main dataset, and is a top variant.
Warning: 'rs73813125' is missing from the main dataset, and is a top variant.
Warning: 'rs112560967' is missing from the main dataset, and is a top variant.
Warning: 'rs113205156' is missing from the main dataset, and is a top variant.
Warning: 'rs1587385' is missing from the main dataset, and is a top variant.
Warning: 'rs6935677' is missing from the main dataset, and is a top variant.
Warning: 'rs6768568' is missing from the main dataset, and is a top variant.
Warning: 'rs6792867' is missing from the main dataset, and is a top variant.
Warning: 'rs7652520' is missing from the main dataset, and is a top variant.
Warning: 'rs9385637' is missing from the main dataset, and is a top variant.
Warning: 'rs71622251' is missing from the main dataset, and is a top variant.
Warning: 'rs546522624' is missing from the main dataset, and is a top variant.
Warning: 'rs35522627' is missing from the main dataset, and is a top variant.
Warning: 'rs11708978' is missing from the main dataset, and is a top variant.
Warning: 'rs12210093' is missing from the main dataset, and is a top variant.
Warning: 'rs11395507' is missing from the main dataset, and is a top variant.
Warning: 'rs10433537' is missing from the main dataset, and is a top variant.
Warning: 'rs34033377' is missing from the main dataset, and is a top variant.
Warning: 'rs62430561' is missing from the main dataset, and is a top variant.
Warning: 'rs1878934' is missing from the main dataset, and is a top variant.
Warning: 'rs35755014' is missing from the main dataset, and is a top variant.
Warning: 'rs35434485' is missing from the main dataset, and is a top variant.
Warning: 'rs34407374' is missing from the main dataset, and is a top variant.
Warning: 'rs71622253' is missing from the main dataset, and is a top variant.
Warning: 'rs34436550' is missing from the main dataset, and is a top variant.
Warning: 'rs71622254' is missing from the main dataset, and is a top variant.
Warning: 'rs34845688' is missing from the main dataset, and is a top variant.
Warning: 'rs6890882' is missing from the main dataset, and is a top variant.
Warning: 'rs13170876' is missing from the main dataset, and is a top variant.
Warning: 'rs34550243' is missing from the main dataset, and is a top variant.
Warning: 'rs13169383' is missing from the main dataset, and is a top variant.
Warning: 'rs11721223' is missing from the main dataset, and is a top variant.
Warning: 'rs1317415' is missing from the main dataset, and is a top variant.
Warning: 'rs35059781' is missing from the main dataset, and is a top variant.
Warning: 'rs10638274' is missing from the main dataset, and is a top variant.
Warning: 'rs561770008' is missing from the main dataset, and is a top variant.
Warning: 'rs1039247' is missing from the main dataset, and is a top variant.
Warning: 'rs79426325' is missing from the main dataset, and is a top variant.
Warning: 'rs10462916' is missing from the main dataset, and is a top variant.
Warning: 'rs9389051' is missing from the main dataset, and is a top variant.
Warning: 'rs746068' is missing from the main dataset, and is a top variant.
Warning: 'rs34346963' is missing from the main dataset, and is a top variant.
Warning: 'rs35811819' is missing from the main dataset, and is a top variant.
Warning: 'rs6798755' is missing from the main dataset, and is a top variant.
Warning: 'rs7773069' is missing from the main dataset, and is a top variant.
Warning: 'rs6767059' is missing from the main dataset, and is a top variant.
Warning: 'rs10510409' is missing from the main dataset, and is a top variant.
Warning: 'rs7745056' is missing from the main dataset, and is a top variant.
Warning: 'rs13189804' is missing from the main dataset, and is a top variant.
Warning: 'rs1105796' is missing from the main dataset, and is a top variant.
Warning: 'rs12199972' is missing from the main dataset, and is a top variant.
Warning: 'rs745098' is missing from the main dataset, and is a top variant.
Warning: 'rs9791374' is missing from the main dataset, and is a top variant.
Warning: 'rs116219174' is missing from the main dataset, and is a top variant.
Warning: 'rs9402483' is missing from the main dataset, and is a top variant.
Warning: 'rs5880152' is missing from the main dataset, and is a top variant.
Warning: 'rs62428455' is missing from the main dataset, and is a top variant.
Warning: 'rs62428458' is missing from the main dataset, and is a top variant.
Warning: 'rs2030150' is missing from the main dataset, and is a top variant.
Warning: 'rs4895949' is missing from the main dataset, and is a top variant.
Warning: 'rs9375941' is missing from the main dataset, and is a top variant.
Warning: 'rs975225' is missing from the main dataset, and is a top variant.
Warning: 'rs7763647' is missing from the main dataset, and is a top variant.
Warning: 'rs113848315' is missing from the main dataset, and is a top variant.
Warning: 'rs536849336' is missing from the main dataset, and is a top variant.
Warning: 'rs12973608' is missing from the main dataset, and is a top variant.
Warning: 'rs1418702' is missing from the main dataset, and is a top variant.
Warning: 'rs12197849' is missing from the main dataset, and is a top variant.
Warning: 'rs12980403' is missing from the main dataset, and is a top variant.
Warning: 'rs11154708' is missing from the main dataset, and is a top variant.
Warning: 'rs9399052' is missing from the main dataset, and is a top variant.
Warning: 'rs9402486' is missing from the main dataset, and is a top variant.
Warning: 'rs780804196' is missing from the main dataset, and is a top variant.
Warning: 'rs10475661' is missing from the main dataset, and is a top variant.
Warning: 'rs12610373' is missing from the main dataset, and is a top variant.
Warning: 'rs564370182' is missing from the main dataset, and is a top variant.
Warning: 'rs62428443' is missing from the main dataset, and is a top variant.
Warning: 'rs147433183' is missing from the main dataset, and is a top variant.
Warning: 'rs12194836' is missing from the main dataset, and is a top variant.
Warning: 'rs9402485' is missing from the main dataset, and is a top variant.
Warning: 'rs9493554' is missing from the main dataset, and is a top variant.
Warning: 'rs7761372' is missing from the main dataset, and is a top variant.
Warning: 'rs10406080' is missing from the main dataset, and is a top variant.
Warning: 'rs62428456' is missing from the main dataset, and is a top variant.
Warning: 'rs33842' is missing from the main dataset, and is a top variant.
Warning: 'rs7752905' is missing from the main dataset, and is a top variant.
Warning: 'rs7766470' is missing from the main dataset, and is a top variant.
Warning: 'rs57161827' is missing from the main dataset, and is a top variant.
Warning: 'rs35800243' is missing from the main dataset, and is a top variant.
Warning: 'rs199699318' is missing from the main dataset, and is a top variant.
Warning: 'rs34219462' is missing from the main dataset, and is a top variant.
Warning: 'rs111598124' is missing from the main dataset, and is a top variant.
Warning: 'rs150885211' is missing from the main dataset, and is a top variant.
Warning: 'rs2964494' is missing from the main dataset, and is a top variant.
Warning: 'rs7738592' is missing from the main dataset, and is a top variant.
Warning: 'rs9375940' is missing from the main dataset, and is a top variant.
Warning: 'rs13190165' is missing from the main dataset, and is a top variant.
Warning: 'rs10457002' is missing from the main dataset, and is a top variant.
Warning: 'rs2946175' is missing from the main dataset, and is a top variant.
Warning: 'rs35219672' is missing from the main dataset, and is a top variant.
Warning: 'rs13189849' is missing from the main dataset, and is a top variant.
Warning: 'rs2946174' is missing from the main dataset, and is a top variant.
Warning: 'rs6885921' is missing from the main dataset, and is a top variant.
Warning: 'rs780445148' is missing from the main dataset, and is a top variant.
Warning: 'rs7870070' is missing from the main dataset, and is a top variant.
Warning: 'rs6415851' is missing from the main dataset, and is a top variant.
Warning: 'rs7858824' is missing from the main dataset, and is a top variant.
Warning: 'rs3777799' is missing from the main dataset, and is a top variant.
Warning: 'rs4837488' is missing from the main dataset, and is a top variant.
Warning: 'rs4837489' is missing from the main dataset, and is a top variant.
Warning: 'rs67817891' is missing from the main dataset, and is a top variant.
Warning: 'rs67205506' is missing from the main dataset, and is a top variant.
Warning: 'rs68101867' is missing from the main dataset, and is a top variant.
Warning: 'rs57112266' is missing from the main dataset, and is a top variant.
Warning: 'rs35096482' is missing from the main dataset, and is a top variant.
Warning: 'rs35283845' is missing from the main dataset, and is a top variant.
Warning: 'rs2943647' is missing from the main dataset, and is a top variant.
Warning: 'rs66941667' is missing from the main dataset, and is a top variant.
Warning: 'rs34587017' is missing from the main dataset, and is a top variant.
Warning: 'rs34659609' is missing from the main dataset, and is a top variant.
Warning: 'rs947508' is missing from the main dataset, and is a top variant.
Warning: 'rs2972145' is missing from the main dataset, and is a top variant.
Warning: 'rs13159368' is missing from the main dataset, and is a top variant.
Warning: 'rs57102829' is missing from the main dataset, and is a top variant.
Warning: 'rs7868572' is missing from the main dataset, and is a top variant.
Warning: 'rs2943648' is missing from the main dataset, and is a top variant.
Warning: 'rs143378550' is missing from the main dataset, and is a top variant.
Warning: 'rs9299329' is missing from the main dataset, and is a top variant.
Warning: 'rs9389062' is missing from the main dataset, and is a top variant.
Warning: 'rs34064466' is missing from the main dataset, and is a top variant.
Warning: 'rs67723115' is missing from the main dataset, and is a top variant.
Warning: 'rs13178623' is missing from the main dataset, and is a top variant.
Warning: 'rs2943654' is missing from the main dataset, and is a top variant.
Warning: 'rs12748401' is missing from the main dataset, and is a top variant.
Warning: 'rs764343901' is missing from the main dataset, and is a top variant.
Warning: 'rs2943652' is missing from the main dataset, and is a top variant.
Warning: 'rs1024137' is missing from the main dataset, and is a top variant.
Warning: 'rs2176040' is missing from the main dataset, and is a top variant.
Warning: 'rs4808779' is missing from the main dataset, and is a top variant.
Warning: 'rs56256300' is missing from the main dataset, and is a top variant.
Warning: 'rs2972138' is missing from the main dataset, and is a top variant.
Warning: 'rs1856291' is missing from the main dataset, and is a top variant.
Warning: 'rs2972137' is missing from the main dataset, and is a top variant.
Warning: 'rs2972135' is missing from the main dataset, and is a top variant.
Warning: 'rs62428599' is missing from the main dataset, and is a top variant.
Warning: 'rs908611' is missing from the main dataset, and is a top variant.
Warning: 'rs4770196' is missing from the main dataset, and is a top variant.
Warning: 'rs1913657' is missing from the main dataset, and is a top variant.
Warning: 'rs2138161' is missing from the main dataset, and is a top variant.
Warning: 'rs2222018' is missing from the main dataset, and is a top variant.
Warning: 'rs2203452' is missing from the main dataset, and is a top variant.
Warning: 'rs1984669' is missing from the main dataset, and is a top variant.
Warning: 'rs1317424' is missing from the main dataset, and is a top variant.
Warning: 'rs2943650' is missing from the main dataset, and is a top variant.
Warning: 'rs9483535' is missing from the main dataset, and is a top variant.
Warning: 'rs6862472' is missing from the main dataset, and is a top variant.
Warning: 'rs7043286' is missing from the main dataset, and is a top variant.
Warning: 'rs13212719' is missing from the main dataset, and is a top variant.
Warning: 'rs10457599' is missing from the main dataset, and is a top variant.
Warning: 'rs17704977' is missing from the main dataset, and is a top variant.
Warning: 'rs10457001' is missing from the main dataset, and is a top variant.
Warning: 'rs2964487' is missing from the main dataset, and is a top variant.
Warning: 'rs2946171' is missing from the main dataset, and is a top variant.
Warning: 'rs7705525' is missing from the main dataset, and is a top variant.
Warning: 'rs6556358' is missing from the main dataset, and is a top variant.
Warning: 'rs562022180' is missing from the main dataset, and is a top variant.
Warning: 'rs778380010' is missing from the main dataset, and is a top variant.
Warning: 'rs56032040' is missing from the main dataset, and is a top variant.
Warning: 'rs4461617' is missing from the main dataset, and is a top variant.
Warning: 'rs4837490' is missing from the main dataset, and is a top variant.
Warning: 'rs6881996' is missing from the main dataset, and is a top variant.
Warning: 'rs7766945' is missing from the main dataset, and is a top variant.
Warning: 'rs6881817' is missing from the main dataset, and is a top variant.
Warning: 'rs1560043' is missing from the main dataset, and is a top variant.
Warning: 'rs2972140' is missing from the main dataset, and is a top variant.
Warning: 'rs200847151' is missing from the main dataset, and is a top variant.
Warning: 'rs6939899' is missing from the main dataset, and is a top variant.
Warning: 'rs6510381' is missing from the main dataset, and is a top variant.
Warning: 'rs2946169' is missing from the main dataset, and is a top variant.
Warning: 'rs2946168' is missing from the main dataset, and is a top variant.
Warning: 'rs62430584' is missing from the main dataset, and is a top variant.
Warning: 'rs1557124' is missing from the main dataset, and is a top variant.
Warning: 'rs2946167' is missing from the main dataset, and is a top variant.
Warning: 'rs10653909' is missing from the main dataset, and is a top variant.
Warning: 'rs62430582' is missing from the main dataset, and is a top variant.
Warning: 'rs78660602' is missing from the main dataset, and is a top variant.
Warning: 'rs35421731' is missing from the main dataset, and is a top variant.
Warning: 'rs28538690' is missing from the main dataset, and is a top variant.
Warning: 'rs12192002' is missing from the main dataset, and is a top variant.
Warning: 'rs6936410' is missing from the main dataset, and is a top variant.
Warning: 'rs6937029' is missing from the main dataset, and is a top variant.
Warning: 'rs271172' is missing from the main dataset, and is a top variant.
Warning: 'rs1878935' is missing from the main dataset, and is a top variant.
Warning: 'rs549664375' is missing from the main dataset, and is a top variant.
Warning: 'rs7740263' is missing from the main dataset, and is a top variant.
Warning: 'rs2964489' is missing from the main dataset, and is a top variant.
Warning: 'rs58835706' is missing from the main dataset, and is a top variant.
Warning: 'rs6569865' is missing from the main dataset, and is a top variant.
Warning: 'rs9483529' is missing from the main dataset, and is a top variant.
Warning: 'rs9483530' is missing from the main dataset, and is a top variant.
Warning: 'rs2963434' is missing from the main dataset, and is a top variant.
Warning: 'rs36181263' is missing from the main dataset, and is a top variant.
Warning: 'rs7756171' is missing from the main dataset, and is a top variant.
Warning: 'rs2963433' is missing from the main dataset, and is a top variant.
Warning: 'rs1878936' is missing from the main dataset, and is a top variant.
Warning: 'rs7701375' is missing from the main dataset, and is a top variant.
Warning: 'rs9493518' is missing from the main dataset, and is a top variant.
Warning: 'rs12202394' is missing from the main dataset, and is a top variant.
Warning: 'rs2943649' is missing from the main dataset, and is a top variant.
Warning: 'rs2162858' is missing from the main dataset, and is a top variant.
Warning: 'rs9493517' is missing from the main dataset, and is a top variant.
Warning: 'rs60933911' is missing from the main dataset, and is a top variant.
Warning: 'rs7738156' is missing from the main dataset, and is a top variant.
Warning: 'rs12197909' is missing from the main dataset, and is a top variant.
Warning: 'rs9493515' is missing from the main dataset, and is a top variant.
Warning: 'rs6935480' is missing from the main dataset, and is a top variant.
Warning: 'rs6935070' is missing from the main dataset, and is a top variant.
Warning: 'rs377025877' is missing from the main dataset, and is a top variant.
Warning: 'rs6940959' is missing from the main dataset, and is a top variant.
Warning: 'rs2011426' is missing from the main dataset, and is a top variant.
Warning: 'rs2946173' is missing from the main dataset, and is a top variant.
Warning: 'rs12212715' is missing from the main dataset, and is a top variant.
Warning: 'rs2972156' is missing from the main dataset, and is a top variant.
Warning: 'rs4077767' is missing from the main dataset, and is a top variant.
Warning: 'rs113832271' is missing from the main dataset, and is a top variant.
Warning: 'rs640031' is missing from the main dataset, and is a top variant.
Warning: 'rs1885724' is missing from the main dataset, and is a top variant.
Warning: 'rs2943635' is missing from the main dataset, and is a top variant.
Warning: 'rs11385230' is missing from the main dataset, and is a top variant.
Warning: 'rs28403922' is missing from the main dataset, and is a top variant.
Warning: 'rs1023666' is missing from the main dataset, and is a top variant.
Warning: 'rs12205139' is missing from the main dataset, and is a top variant.
Warning: 'rs12213877' is missing from the main dataset, and is a top variant.
Warning: 'rs7740210' is missing from the main dataset, and is a top variant.
Warning: 'rs2964491' is missing from the main dataset, and is a top variant.
Warning: 'rs2419918' is missing from the main dataset, and is a top variant.
Warning: 'rs5839144' is missing from the main dataset, and is a top variant.
Warning: 'rs9321389' is missing from the main dataset, and is a top variant.
Warning: 'rs73116951' is missing from the main dataset, and is a top variant.
Warning: 'rs2964492' is missing from the main dataset, and is a top variant.
Warning: 'rs62430562' is missing from the main dataset, and is a top variant.
Warning: 'rs12527527' is missing from the main dataset, and is a top variant.
Warning: 'rs13174953' is missing from the main dataset, and is a top variant.
Warning: 'rs445979' is missing from the main dataset, and is a top variant.
Warning: 'rs2946156' is missing from the main dataset, and is a top variant.
Warning: 'rs271171' is missing from the main dataset, and is a top variant.
Warning: 'rs2946179' is missing from the main dataset, and is a top variant.
Warning: 'rs7729301' is missing from the main dataset, and is a top variant.
Warning: 'rs253678' is missing from the main dataset, and is a top variant.
Warning: 'rs4285336' is missing from the main dataset, and is a top variant.
Warning: 'rs12428839' is missing from the main dataset, and is a top variant.
Warning: 'rs200401646' is missing from the main dataset, and is a top variant.
Warning: 'rs545005003' is missing from the main dataset, and is a top variant.
Warning: 'rs536310107' is missing from the main dataset, and is a top variant.
Warning: 'rs553124417' is missing from the main dataset, and is a top variant.
Warning: 'rs573002558' is missing from the main dataset, and is a top variant.
Warning: 'rs13170533' is missing from the main dataset, and is a top variant.
Warning: 'rs4273707' is missing from the main dataset, and is a top variant.
Warning: 'rs6931767' is missing from the main dataset, and is a top variant.
Warning: 'rs6561550' is missing from the main dataset, and is a top variant.
Warning: 'rs3012468' is missing from the main dataset, and is a top variant.
Warning: 'rs1336526' is missing from the main dataset, and is a top variant.
Warning: 'rs2943632' is missing from the main dataset, and is a top variant.
Warning: 'rs62430323' is missing from the main dataset, and is a top variant.
Warning: 'rs4273708' is missing from the main dataset, and is a top variant.
Warning: 'rs9483524' is missing from the main dataset, and is a top variant.
Warning: 'rs9493513' is missing from the main dataset, and is a top variant.
Warning: 'rs11754045' is missing from the main dataset, and is a top variant.
Warning: 'rs1962598' is missing from the main dataset, and is a top variant.
Warning: 'rs13174955' is missing from the main dataset, and is a top variant.
Warning: 'rs17302366' is missing from the main dataset, and is a top variant.
Warning: 'rs2943651' is missing from the main dataset, and is a top variant.
Warning: 'rs62428662' is missing from the main dataset, and is a top variant.
Warning: 'rs1336525' is missing from the main dataset, and is a top variant.
Warning: 'rs2964498' is missing from the main dataset, and is a top variant.
Warning: 'rs1814195' is missing from the main dataset, and is a top variant.
Warning: 'rs1015726' is missing from the main dataset, and is a top variant.
Warning: 'rs2964497' is missing from the main dataset, and is a top variant.
Warning: 'rs2963453' is missing from the main dataset, and is a top variant.
Warning: 'rs68021023' is missing from the main dataset, and is a top variant.
Warning: 'rs3092788' is missing from the main dataset, and is a top variant.
Warning: 'rs2964501' is missing from the main dataset, and is a top variant.
Warning: 'rs2964500' is missing from the main dataset, and is a top variant.
Warning: 'rs2963451' is missing from the main dataset, and is a top variant.
Warning: 'rs2946163' is missing from the main dataset, and is a top variant.
Warning: 'rs296414' is missing from the main dataset, and is a top variant.
Warning: 'rs3091459' is missing from the main dataset, and is a top variant.
Warning: 'rs2785238' is missing from the main dataset, and is a top variant.
Warning: 'rs2972152' is missing from the main dataset, and is a top variant.
Warning: 'rs17302199' is missing from the main dataset, and is a top variant.
Warning: 'rs10819631' is missing from the main dataset, and is a top variant.
Warning: 'rs11118304' is missing from the main dataset, and is a top variant.
Warning: 'rs10819632' is missing from the main dataset, and is a top variant.
Warning: 'rs10819630' is missing from the main dataset, and is a top variant.
Warning: 'rs2972155' is missing from the main dataset, and is a top variant.
Warning: 'rs1336524' is missing from the main dataset, and is a top variant.
Warning: 'rs62036622' is missing from the main dataset, and is a top variant.
Warning: 'rs55977000' is missing from the main dataset, and is a top variant.
Warning: 'rs62036613' is missing from the main dataset, and is a top variant.
Warning: 'rs2963445' is missing from the main dataset, and is a top variant.
Warning: 'rs4895953' is missing from the main dataset, and is a top variant.
Warning: 'rs4239647' is missing from the main dataset, and is a top variant.
Warning: 'rs12525252' is missing from the main dataset, and is a top variant.
Warning: 'rs12026348' is missing from the main dataset, and is a top variant.
Warning: 'rs12524730' is missing from the main dataset, and is a top variant.
Warning: 'rs72793812' is missing from the main dataset, and is a top variant.
Warning: 'rs72993929' is missing from the main dataset, and is a top variant.
Warning: 'rs2964499' is missing from the main dataset, and is a top variant.
Warning: 'rs2964503' is missing from the main dataset, and is a top variant.
Warning: 'rs2946162' is missing from the main dataset, and is a top variant.
Warning: 'rs57371317' is missing from the main dataset, and is a top variant.
Warning: 'rs2963449' is missing from the main dataset, and is a top variant.
Warning: 'rs2964496' is missing from the main dataset, and is a top variant.
Warning: 'rs296417' is missing from the main dataset, and is a top variant.
Warning: 'rs6927627' is missing from the main dataset, and is a top variant.
Warning: 'rs942032' is missing from the main dataset, and is a top variant.
Warning: 'rs7735131' is missing from the main dataset, and is a top variant.
Warning: 'rs7716662' is missing from the main dataset, and is a top variant.
Warning: 'rs2946164' is missing from the main dataset, and is a top variant.
Warning: 'rs62428661' is missing from the main dataset, and is a top variant.
Warning: 'rs10658897' is missing from the main dataset, and is a top variant.
Warning: 'rs9493516' is missing from the main dataset, and is a top variant.
Warning: 'rs62188784' is missing from the main dataset, and is a top variant.
Warning: 'rs11118308' is missing from the main dataset, and is a top variant.
Warning: 'rs17528752' is missing from the main dataset, and is a top variant.
Warning: 'rs62036616' is missing from the main dataset, and is a top variant.
Warning: 'rs3091926' is missing from the main dataset, and is a top variant.
Warning: 'rs2176042' is missing from the main dataset, and is a top variant.
Warning: 'rs6094613' is missing from the main dataset, and is a top variant.
Warning: 'rs3012472' is missing from the main dataset, and is a top variant.
Warning: 'rs62036623' is missing from the main dataset, and is a top variant.
Warning: 'rs17242410' is missing from the main dataset, and is a top variant.
Warning: 'rs3092781' is missing from the main dataset, and is a top variant.
Warning: 'rs114562459' is missing from the main dataset, and is a top variant.
Warning: 'rs201810030' is missing from the main dataset, and is a top variant.
Warning: 'rs113029997' is missing from the main dataset, and is a top variant.
Warning: 'rs17301754' is missing from the main dataset, and is a top variant.
Warning: 'rs35666081' is missing from the main dataset, and is a top variant.
Warning: 'rs17301942' is missing from the main dataset, and is a top variant.
Warning: 'rs17301872' is missing from the main dataset, and is a top variant.
Warning: 'rs1987472' is missing from the main dataset, and is a top variant.
Warning: 'rs11860513' is missing from the main dataset, and is a top variant.
Warning: 'rs1987471' is missing from the main dataset, and is a top variant.
Warning: 'rs17301914' is missing from the main dataset, and is a top variant.
Warning: 'rs2210891' is missing from the main dataset, and is a top variant.
Warning: 'rs7048667' is missing from the main dataset, and is a top variant.
Warning: 'rs2407797' is missing from the main dataset, and is a top variant.
Warning: 'rs62036621' is missing from the main dataset, and is a top variant.
Warning: 'rs72793818' is missing from the main dataset, and is a top variant.
Warning: 'rs7976853' is missing from the main dataset, and is a top variant.
Warning: 'rs62036618' is missing from the main dataset, and is a top variant.
Warning: 'rs62036617' is missing from the main dataset, and is a top variant.
Warning: 'rs62036620' is missing from the main dataset, and is a top variant.
Warning: 'rs62036624' is missing from the main dataset, and is a top variant.
Warning: 'rs78613234' is missing from the main dataset, and is a top variant.
Warning: 'rs6679091' is missing from the main dataset, and is a top variant.
Warning: 'rs33846' is missing from the main dataset, and is a top variant.
Warning: 'rs2073170' is missing from the main dataset, and is a top variant.
Warning: 'rs10848835' is missing from the main dataset, and is a top variant.
Warning: 'rs7979282' is missing from the main dataset, and is a top variant.
Warning: 'rs187668816' is missing from the main dataset, and is a top variant.
Warning: 'rs72793811' is missing from the main dataset, and is a top variant.
Warning: 'rs753578100' is missing from the main dataset, and is a top variant.
Warning: 'rs113652208' is missing from the main dataset, and is a top variant.
Warning: 'rs8001567' is missing from the main dataset, and is a top variant.
Warning: 'rs153702' is missing from the main dataset, and is a top variant.
Warning: 'rs12325014' is missing from the main dataset, and is a top variant.
Warning: 'rs11743708' is missing from the main dataset, and is a top variant.
Warning: 'rs4788095' is missing from the main dataset, and is a top variant.
Warning: 'rs11863370' is missing from the main dataset, and is a top variant.
Warning: 'rs4809627' is missing from the main dataset, and is a top variant.
Warning: 'rs12126911' is missing from the main dataset, and is a top variant.
Warning: 'rs13388242' is missing from the main dataset, and is a top variant.
Warning: 'rs62430320' is missing from the main dataset, and is a top variant.
Warning: 'rs36026897' is missing from the main dataset, and is a top variant.
Warning: 'rs9493514' is missing from the main dataset, and is a top variant.
Warning: 'rs6569866' is missing from the main dataset, and is a top variant.
Warning: 'rs2419909' is missing from the main dataset, and is a top variant.
Warning: 'rs10848834' is missing from the main dataset, and is a top variant.
Warning: 'rs3782812' is missing from the main dataset, and is a top variant.
Warning: 'rs11118316' is missing from the main dataset, and is a top variant.
Warning: 'rs11430699' is missing from the main dataset, and is a top variant.
Warning: 'rs9493589' is missing from the main dataset, and is a top variant.
Warning: 'rs9526590' is missing from the main dataset, and is a top variant.
Warning: 'rs149601295' is missing from the main dataset, and is a top variant.
Warning: 'rs17301622' is missing from the main dataset, and is a top variant.
Warning: 'rs6018307' is missing from the main dataset, and is a top variant.
Warning: 'rs62036658' is missing from the main dataset, and is a top variant.
Warning: 'rs142399759' is missing from the main dataset, and is a top variant.
Warning: 'rs12525309' is missing from the main dataset, and is a top variant.
Warning: 'rs3012467' is missing from the main dataset, and is a top variant.
Warning: 'rs77572543' is missing from the main dataset, and is a top variant.
Warning: 'rs72557636' is missing from the main dataset, and is a top variant.
Warning: 'rs113079736' is missing from the main dataset, and is a top variant.
Warning: 'rs4077768' is missing from the main dataset, and is a top variant.
Warning: 'rs2943634' is missing from the main dataset, and is a top variant.
Warning: 'rs9535287' is missing from the main dataset, and is a top variant.
Warning: 'rs12193118' is missing from the main dataset, and is a top variant.
Warning: 'rs10435905' is missing from the main dataset, and is a top variant.
Warning: 'rs3012464' is missing from the main dataset, and is a top variant.
Warning: 'rs142769911' is missing from the main dataset, and is a top variant.
Warning: 'rs12039006' is missing from the main dataset, and is a top variant.
Warning: 'rs12481408' is missing from the main dataset, and is a top variant.
Warning: 'rs11645143' is missing from the main dataset, and is a top variant.
Warning: 'rs147684209' is missing from the main dataset, and is a top variant.
Warning: 'rs7187333' is missing from the main dataset, and is a top variant.
Warning: 'rs2926345' is missing from the main dataset, and is a top variant.
Warning: 'rs1114622' is missing from the main dataset, and is a top variant.
Warning: 'rs9657643' is missing from the main dataset, and is a top variant.
Warning: 'rs2032021' is missing from the main dataset, and is a top variant.
Warning: 'rs12325278' is missing from the main dataset, and is a top variant.
Warning: 'rs1105402' is missing from the main dataset, and is a top variant.
Warning: 'rs12030393' is missing from the main dataset, and is a top variant.
Warning: 'rs11062587' is missing from the main dataset, and is a top variant.
Warning: 'rs12119979' is missing from the main dataset, and is a top variant.
Warning: 'rs62120440' is missing from the main dataset, and is a top variant.
Warning: 'rs3092783' is missing from the main dataset, and is a top variant.
Warning: 'rs4788100' is missing from the main dataset, and is a top variant.
Warning: 'rs12983444' is missing from the main dataset, and is a top variant.
Warning: 'rs4534971' is missing from the main dataset, and is a top variant.
Warning: 'rs1338219' is missing from the main dataset, and is a top variant.
Warning: 'rs55719896' is missing from the main dataset, and is a top variant.
Warning: 'rs55830740' is missing from the main dataset, and is a top variant.
Warning: 'rs56404918' is missing from the main dataset, and is a top variant.
Warning: 'rs74713683' is missing from the main dataset, and is a top variant.
Warning: 'rs7205323' is missing from the main dataset, and is a top variant.
Warning: 'rs72793815' is missing from the main dataset, and is a top variant.
Warning: 'rs1412957' is missing from the main dataset, and is a top variant.
Warning: 'rs36083960' is missing from the main dataset, and is a top variant.
Warning: 'rs403364' is missing from the main dataset, and is a top variant.
Warning: 'rs62036657' is missing from the main dataset, and is a top variant.
Warning: 'rs28403629' is missing from the main dataset, and is a top variant.
Warning: 'rs61737565' is missing from the main dataset, and is a top variant.
Warning: 'rs56358680' is missing from the main dataset, and is a top variant.
Warning: 'rs62036626' is missing from the main dataset, and is a top variant.
Warning: 'rs55991577' is missing from the main dataset, and is a top variant.
Warning: 'rs12045024' is missing from the main dataset, and is a top variant.
Warning: 'rs12198619' is missing from the main dataset, and is a top variant.
Warning: 'rs6561553' is missing from the main dataset, and is a top variant.
Warning: 'rs76345369' is missing from the main dataset, and is a top variant.
Warning: 'rs2920502' is missing from the main dataset, and is a top variant.
Warning: 'rs62037366' is missing from the main dataset, and is a top variant.
Warning: 'rs7499337' is missing from the main dataset, and is a top variant.
Warning: 'rs773513666' is missing from the main dataset, and is a top variant.
Warning: 'rs1072759' is missing from the main dataset, and is a top variant.
Warning: 'rs67901221' is missing from the main dataset, and is a top variant.
Warning: 'rs6658668' is missing from the main dataset, and is a top variant.
Warning: 'rs141727232' is missing from the main dataset, and is a top variant.
Warning: 'rs7870172' is missing from the main dataset, and is a top variant.
Warning: 'rs201017113' is missing from the main dataset, and is a top variant.
Warning: 'rs9399055' is missing from the main dataset, and is a top variant.
Warning: 'rs59857114' is missing from the main dataset, and is a top variant.
Warning: 'rs76306970' is missing from the main dataset, and is a top variant.
Warning: 'rs532465943' is missing from the main dataset, and is a top variant.
Warning: 'rs62037369' is missing from the main dataset, and is a top variant.
Warning: 'rs148099387' is missing from the main dataset, and is a top variant.
Warning: 'rs12446589' is missing from the main dataset, and is a top variant.
Warning: 'rs3092020' is missing from the main dataset, and is a top variant.
Warning: 'rs386706046' is missing from the main dataset, and is a top variant.
Warning: 'rs2926350' is missing from the main dataset, and is a top variant.
Warning: 'rs3091590' is missing from the main dataset, and is a top variant.
Warning: 'rs113911330' is missing from the main dataset, and is a top variant.
Warning: 'rs3091956' is missing from the main dataset, and is a top variant.
Warning: 'rs3092005' is missing from the main dataset, and is a top variant.
Warning: 'rs11135036' is missing from the main dataset, and is a top variant.
Warning: 'rs6018306' is missing from the main dataset, and is a top variant.
Warning: 'rs7870567' is missing from the main dataset, and is a top variant.
Warning: 'rs3091594' is missing from the main dataset, and is a top variant.
Warning: 'rs11864750' is missing from the main dataset, and is a top variant.
Warning: 'rs7193733' is missing from the main dataset, and is a top variant.
Warning: 'rs10053589' is missing from the main dataset, and is a top variant.
Warning: 'rs3825355' is missing from the main dataset, and is a top variant.
Warning: 'rs6565229' is missing from the main dataset, and is a top variant.
Warning: 'rs11861132' is missing from the main dataset, and is a top variant.
Warning: 'rs11150609' is missing from the main dataset, and is a top variant.
Warning: 'rs11861174' is missing from the main dataset, and is a top variant.
Warning: 'rs385727' is missing from the main dataset, and is a top variant.
Warning: 'rs11859512' is missing from the main dataset, and is a top variant.
Warning: 'rs66590855' is missing from the main dataset, and is a top variant.
Warning: 'rs76065061' is missing from the main dataset, and is a top variant.
Warning: 'rs62037365' is missing from the main dataset, and is a top variant.
Warning: 'rs3091675' is missing from the main dataset, and is a top variant.
Warning: 'rs271166' is missing from the main dataset, and is a top variant.
Warning: 'rs2210890' is missing from the main dataset, and is a top variant.
Warning: 'rs9389064' is missing from the main dataset, and is a top variant.
Warning: 'rs34207596' is missing from the main dataset, and is a top variant.
Warning: 'rs3825352' is missing from the main dataset, and is a top variant.
Warning: 'rs6671555' is missing from the main dataset, and is a top variant.
Warning: 'rs56040780' is missing from the main dataset, and is a top variant.
Warning: 'rs3012474' is missing from the main dataset, and is a top variant.
Warning: 'rs7498603' is missing from the main dataset, and is a top variant.
Warning: 'rs62037367' is missing from the main dataset, and is a top variant.
Warning: 'rs1008029' is missing from the main dataset, and is a top variant.
Warning: 'rs1978239' is missing from the main dataset, and is a top variant.
Warning: 'rs769854901' is missing from the main dataset, and is a top variant.
Warning: 'rs952227' is missing from the main dataset, and is a top variant.
Warning: 'rs153508' is missing from the main dataset, and is a top variant.
Warning: 'rs6487089' is missing from the main dataset, and is a top variant.
Warning: 'rs35028401' is missing from the main dataset, and is a top variant.
Warning: 'rs3825354' is missing from the main dataset, and is a top variant.
Warning: 'rs6802327' is missing from the main dataset, and is a top variant.
Warning: 'rs3091782' is missing from the main dataset, and is a top variant.
Warning: 'rs62037371' is missing from the main dataset, and is a top variant.
Warning: 'rs3012462' is missing from the main dataset, and is a top variant.
Warning: 'rs6124953' is missing from the main dataset, and is a top variant.
Warning: 'rs2963458' is missing from the main dataset, and is a top variant.
Warning: 'rs59549880' is missing from the main dataset, and is a top variant.
Warning: 'rs9373043' is missing from the main dataset, and is a top variant.
Warning: 'rs7187776' is missing from the main dataset, and is a top variant.
Warning: 'rs142771488' is missing from the main dataset, and is a top variant.
Warning: 'rs1340097' is missing from the main dataset, and is a top variant.
Warning: 'rs61907483' is missing from the main dataset, and is a top variant.
Warning: 'rs11280762' is missing from the main dataset, and is a top variant.
Warning: 'rs78338058' is missing from the main dataset, and is a top variant.
Warning: 'rs3012473' is missing from the main dataset, and is a top variant.
Warning: 'rs62430581' is missing from the main dataset, and is a top variant.
Warning: 'rs111690290' is missing from the main dataset, and is a top variant.
Warning: 'rs2964485' is missing from the main dataset, and is a top variant.
Warning: 'rs6018291' is missing from the main dataset, and is a top variant.
Warning: 'rs76643909' is missing from the main dataset, and is a top variant.
Warning: 'rs28763893' is missing from the main dataset, and is a top variant.
Warning: 'rs77737253' is missing from the main dataset, and is a top variant.
Warning: 'rs1650506' is missing from the main dataset, and is a top variant.
Warning: 'rs79390028' is missing from the main dataset, and is a top variant.
Warning: 'rs6063077' is missing from the main dataset, and is a top variant.
Warning: 'rs4895376' is missing from the main dataset, and is a top variant.
Warning: 'rs3091569' is missing from the main dataset, and is a top variant.
Warning: 'rs7304841' is missing from the main dataset, and is a top variant.
Warning: 'rs8055138' is missing from the main dataset, and is a top variant.
Warning: 'rs11641216' is missing from the main dataset, and is a top variant.
Warning: 'rs10439362' is missing from the main dataset, and is a top variant.
Warning: 'rs7296615' is missing from the main dataset, and is a top variant.
Warning: 'rs116646608' is missing from the main dataset, and is a top variant.
Warning: 'rs4809604' is missing from the main dataset, and is a top variant.
Warning: 'rs12329631' is missing from the main dataset, and is a top variant.
Warning: 'rs5025269' is missing from the main dataset, and is a top variant.
Warning: 'rs5025270' is missing from the main dataset, and is a top variant.
Warning: 'rs3091475' is missing from the main dataset, and is a top variant.
Warning: 'rs912724' is missing from the main dataset, and is a top variant.
Warning: 'rs9526591' is missing from the main dataset, and is a top variant.
Warning: 'rs8061590' is missing from the main dataset, and is a top variant.
Warning: 'rs7984061' is missing from the main dataset, and is a top variant.
Warning: 'rs62580984' is missing from the main dataset, and is a top variant.
Warning: 'rs11123856' is missing from the main dataset, and is a top variant.
Warning: 'rs10689204' is missing from the main dataset, and is a top variant.
Warning: 'rs9526593' is missing from the main dataset, and is a top variant.
Warning: 'rs75619875' is missing from the main dataset, and is a top variant.
Warning: 'rs2025263' is missing from the main dataset, and is a top variant.
Warning: 'rs17835600' is missing from the main dataset, and is a top variant.
Warning: 'rs74528062' is missing from the main dataset, and is a top variant.
Warning: 'rs1581745' is missing from the main dataset, and is a top variant.
Warning: 'rs7330392' is missing from the main dataset, and is a top variant.
Warning: 'rs68067108' is missing from the main dataset, and is a top variant.
Warning: 'rs9526594' is missing from the main dataset, and is a top variant.
Warning: 'rs9535305' is missing from the main dataset, and is a top variant.
Warning: 'rs1127021' is missing from the main dataset, and is a top variant.
Warning: 'rs9535307' is missing from the main dataset, and is a top variant.
Warning: 'rs200850610' is missing from the main dataset, and is a top variant.
Warning: 'rs2181185' is missing from the main dataset, and is a top variant.
Warning: 'rs7982783' is missing from the main dataset, and is a top variant.
Warning: 'rs2025266' is missing from the main dataset, and is a top variant.
Warning: 'rs75301392' is missing from the main dataset, and is a top variant.
Warning: 'rs2547228' is missing from the main dataset, and is a top variant.
Warning: 'rs2713556' is missing from the main dataset, and is a top variant.
Warning: 'rs17025078' is missing from the main dataset, and is a top variant.
Warning: 'rs1423062' is missing from the main dataset, and is a top variant.
Warning: 'rs4942863' is missing from the main dataset, and is a top variant.
Warning: 'rs13423088' is missing from the main dataset, and is a top variant.
Warning: 'rs7399926' is missing from the main dataset, and is a top variant.
Warning: 'rs5803479' is missing from the main dataset, and is a top variant.
Warning: 'rs3851162' is missing from the main dataset, and is a top variant.
Warning: 'rs1883885' is missing from the main dataset, and is a top variant.
Warning: 'rs62430580' is missing from the main dataset, and is a top variant.
Warning: 'rs67604089' is missing from the main dataset, and is a top variant.
Warning: 'rs7256849' is missing from the main dataset, and is a top variant.
Warning: 'rs2963457' is missing from the main dataset, and is a top variant.
Warning: 'rs34285465' is missing from the main dataset, and is a top variant.
Warning: 'rs7983303' is missing from the main dataset, and is a top variant.
Warning: 'rs2407804' is missing from the main dataset, and is a top variant.
Warning: 'rs2454427' is missing from the main dataset, and is a top variant.
Warning: 'rs6667962' is missing from the main dataset, and is a top variant.
Warning: 'rs2442805' is missing from the main dataset, and is a top variant.
Warning: 'rs77318243' is missing from the main dataset, and is a top variant.
Warning: 'rs6706153' is missing from the main dataset, and is a top variant.
Warning: 'rs77584394' is missing from the main dataset, and is a top variant.
Warning: 'rs12448902' is missing from the main dataset, and is a top variant.
Warning: 'rs12037905' is missing from the main dataset, and is a top variant.
Warning: 'rs10701122' is missing from the main dataset, and is a top variant.
Warning: 'rs1985130' is missing from the main dataset, and is a top variant.
Warning: 'rs2673137' is missing from the main dataset, and is a top variant.
Warning: 'rs71353892' is missing from the main dataset, and is a top variant.
Warning: 'rs2920503' is missing from the main dataset, and is a top variant.
Warning: 'rs113867519' is missing from the main dataset, and is a top variant.
Warning: 'rs139409116' is missing from the main dataset, and is a top variant.
Warning: 'rs6012123' is missing from the main dataset, and is a top variant.
Warning: 'rs977132' is missing from the main dataset, and is a top variant.
Warning: 'rs175241' is missing from the main dataset, and is a top variant.
Warning: 'rs80275162' is missing from the main dataset, and is a top variant.
Warning: 'rs4793442' is missing from the main dataset, and is a top variant.
Warning: 'rs7979731' is missing from the main dataset, and is a top variant.
Warning: 'rs79126519' is missing from the main dataset, and is a top variant.
Warning: 'rs6546734' is missing from the main dataset, and is a top variant.
Warning: 'rs35958630' is missing from the main dataset, and is a top variant.
Warning: 'rs2921193' is missing from the main dataset, and is a top variant.
Warning: 'rs61693878' is missing from the main dataset, and is a top variant.
Warning: 'rs35620429' is missing from the main dataset, and is a top variant.
Warning: 'rs1999536' is missing from the main dataset, and is a top variant.
Warning: 'rs1535470' is missing from the main dataset, and is a top variant.
Warning: 'rs62430590' is missing from the main dataset, and is a top variant.
Warning: 'rs448331' is missing from the main dataset, and is a top variant.
Warning: 'rs12422683' is missing from the main dataset, and is a top variant.
Warning: 'rs6689335' is missing from the main dataset, and is a top variant.
Warning: 'rs62037364' is missing from the main dataset, and is a top variant.
Warning: 'rs6561559' is missing from the main dataset, and is a top variant.
Warning: 'rs4766082' is missing from the main dataset, and is a top variant.
Warning: 'rs166599' is missing from the main dataset, and is a top variant.
Warning: 'rs62120394' is missing from the main dataset, and is a top variant.
Warning: 'rs199689761' is missing from the main dataset, and is a top variant.
Warning: 'rs7649984' is missing from the main dataset, and is a top variant.
Warning: 'rs2051214' is missing from the main dataset, and is a top variant.
Warning: 'rs568325586' is missing from the main dataset, and is a top variant.
Warning: 'rs2135148' is missing from the main dataset, and is a top variant.
Warning: 'rs7104802' is missing from the main dataset, and is a top variant.
Warning: 'rs6764551' is missing from the main dataset, and is a top variant.
Warning: 'rs13073137' is missing from the main dataset, and is a top variant.
Warning: 'rs2454436' is missing from the main dataset, and is a top variant.
Warning: 'rs421945' is missing from the main dataset, and is a top variant.
Warning: 'rs6734723' is missing from the main dataset, and is a top variant.
Warning: 'rs2673141' is missing from the main dataset, and is a top variant.
Warning: 'rs4766086' is missing from the main dataset, and is a top variant.
Warning: 'rs35044334' is missing from the main dataset, and is a top variant.
Warning: 'rs763646695' is missing from the main dataset, and is a top variant.
Warning: 'rs2713536' is missing from the main dataset, and is a top variant.
Warning: 'rs17029006' is missing from the main dataset, and is a top variant.
Warning: 'rs55864236' is missing from the main dataset, and is a top variant.
Warning: 'rs271152' is missing from the main dataset, and is a top variant.
Warning: 'rs79824755' is missing from the main dataset, and is a top variant.
Warning: 'rs961179' is missing from the main dataset, and is a top variant.
Warning: 'rs13098011' is missing from the main dataset, and is a top variant.
Warning: 'rs2396315' is missing from the main dataset, and is a top variant.
Warning: 'rs9535330' is missing from the main dataset, and is a top variant.
Warning: 'rs750177648' is missing from the main dataset, and is a top variant.
Warning: 'rs4766084' is missing from the main dataset, and is a top variant.
Warning: 'rs557621' is missing from the main dataset, and is a top variant.
Warning: 'rs2943660' is missing from the main dataset, and is a top variant.
Warning: 'rs4679052' is missing from the main dataset, and is a top variant.
Warning: 'rs13059256' is missing from the main dataset, and is a top variant.
Warning: 'rs2713548' is missing from the main dataset, and is a top variant.
Warning: 'rs78042672' is missing from the main dataset, and is a top variant.
Warning: 'rs1870914' is missing from the main dataset, and is a top variant.
Warning: 'rs4766085' is missing from the main dataset, and is a top variant.
Warning: 'rs2268759' is missing from the main dataset, and is a top variant.
Warning: 'rs1547623' is missing from the main dataset, and is a top variant.
Warning: 'rs11699424' is missing from the main dataset, and is a top variant.
Warning: 'rs6124958' is missing from the main dataset, and is a top variant.
Warning: 'rs6660244' is missing from the main dataset, and is a top variant.
Warning: 'rs2186457' is missing from the main dataset, and is a top variant.
Warning: 'rs13060031' is missing from the main dataset, and is a top variant.
Warning: 'rs9535316' is missing from the main dataset, and is a top variant.
Warning: 'rs79661676' is missing from the main dataset, and is a top variant.
Warning: 'rs6808093' is missing from the main dataset, and is a top variant.
Warning: 'rs11435504' is missing from the main dataset, and is a top variant.
Warning: 'rs36070911' is missing from the main dataset, and is a top variant.
Warning: 'rs35463537' is missing from the main dataset, and is a top variant.
Warning: 'rs3091985' is missing from the main dataset, and is a top variant.
Warning: 'rs34716648' is missing from the main dataset, and is a top variant.
Warning: 'rs1151989' is missing from the main dataset, and is a top variant.
Warning: 'rs4766087' is missing from the main dataset, and is a top variant.
Warning: 'rs56368595' is missing from the main dataset, and is a top variant.
Warning: 'rs13041142' is missing from the main dataset, and is a top variant.
Warning: 'rs2276541' is missing from the main dataset, and is a top variant.
Warning: 'rs796690891' is missing from the main dataset, and is a top variant.
Warning: 'rs57754356' is missing from the main dataset, and is a top variant.
Warning: 'rs13095158' is missing from the main dataset, and is a top variant.
Warning: 'rs55833856' is missing from the main dataset, and is a top variant.
Warning: 'rs7646429' is missing from the main dataset, and is a top variant.
Warning: 'rs13064938' is missing from the main dataset, and is a top variant.
Warning: 'rs34918180' is missing from the main dataset, and is a top variant.
Warning: 'rs2673134' is missing from the main dataset, and is a top variant.
Warning: 'rs77339594' is missing from the main dataset, and is a top variant.
Warning: 'rs62430313' is missing from the main dataset, and is a top variant.
Warning: 'rs4147024' is missing from the main dataset, and is a top variant.
Warning: 'rs5025271' is missing from the main dataset, and is a top variant.
Warning: 'rs271153' is missing from the main dataset, and is a top variant.
Warning: 'rs7453259' is missing from the main dataset, and is a top variant.
Warning: 'rs13081365' is missing from the main dataset, and is a top variant.
Warning: 'rs55673030' is missing from the main dataset, and is a top variant.
Warning: 'rs3782774' is missing from the main dataset, and is a top variant.
Warning: 'rs13095391' is missing from the main dataset, and is a top variant.
Warning: 'rs55865377' is missing from the main dataset, and is a top variant.
Warning: 'rs35080475' is missing from the main dataset, and is a top variant.
Warning: 'rs62430588' is missing from the main dataset, and is a top variant.
Warning: 'rs7372452' is missing from the main dataset, and is a top variant.
Warning: 'rs17733640' is missing from the main dataset, and is a top variant.
Warning: 'rs13094878' is missing from the main dataset, and is a top variant.
Warning: 'rs7373805' is missing from the main dataset, and is a top variant.
Warning: 'rs13074160' is missing from the main dataset, and is a top variant.
Warning: 'rs1860385' is missing from the main dataset, and is a top variant.
Warning: 'rs79021277' is missing from the main dataset, and is a top variant.
Warning: 'rs12578221' is missing from the main dataset, and is a top variant.
Warning: 'rs4632485' is missing from the main dataset, and is a top variant.
Warning: 'rs13072809' is missing from the main dataset, and is a top variant.
Warning: 'rs78175639' is missing from the main dataset, and is a top variant.
Warning: 'rs4766081' is missing from the main dataset, and is a top variant.
Warning: 'rs75582498' is missing from the main dataset, and is a top variant.
Warning: 'rs111954709' is missing from the main dataset, and is a top variant.
Warning: 'rs6018321' is missing from the main dataset, and is a top variant.
Warning: 'rs548724596' is missing from the main dataset, and is a top variant.
Warning: 'rs111977118' is missing from the main dataset, and is a top variant.
Warning: 'rs12578215' is missing from the main dataset, and is a top variant.
Warning: 'rs13092164' is missing from the main dataset, and is a top variant.
Warning: 'rs13092539' is missing from the main dataset, and is a top variant.
Warning: 'rs55714539' is missing from the main dataset, and is a top variant.
Warning: 'rs59778971' is missing from the main dataset, and is a top variant.
Warning: 'rs56025939' is missing from the main dataset, and is a top variant.
Warning: 'rs146022472' is missing from the main dataset, and is a top variant.
Warning: 'rs71706368' is missing from the main dataset, and is a top variant.
Warning: 'rs13093460' is missing from the main dataset, and is a top variant.
Warning: 'rs4850954' is missing from the main dataset, and is a top variant.
Warning: 'rs13088915' is missing from the main dataset, and is a top variant.
Warning: 'rs60855424' is missing from the main dataset, and is a top variant.
Warning: 'rs4678604' is missing from the main dataset, and is a top variant.
Warning: 'rs2442800' is missing from the main dataset, and is a top variant.
Warning: 'rs1969044' is missing from the main dataset, and is a top variant.
Warning: 'rs13092473' is missing from the main dataset, and is a top variant.
Warning: 'rs11964505' is missing from the main dataset, and is a top variant.
Warning: 'rs13089394' is missing from the main dataset, and is a top variant.
Warning: 'rs57796856' is missing from the main dataset, and is a top variant.
Warning: 'rs35553573' is missing from the main dataset, and is a top variant.
Warning: 'rs143912551' is missing from the main dataset, and is a top variant.
Warning: 'rs6063080' is missing from the main dataset, and is a top variant.
Warning: 'rs7433707' is missing from the main dataset, and is a top variant.
Warning: 'rs113967141' is missing from the main dataset, and is a top variant.
Warning: 'rs7045667' is missing from the main dataset, and is a top variant.
Warning: 'rs11236213' is missing from the main dataset, and is a top variant.
Warning: 'rs6772046' is missing from the main dataset, and is a top variant.
Warning: 'rs1206837' is missing from the main dataset, and is a top variant.
Warning: 'rs7953798' is missing from the main dataset, and is a top variant.
Warning: 'rs62430664' is missing from the main dataset, and is a top variant.
Warning: 'rs7372478' is missing from the main dataset, and is a top variant.
Warning: 'rs62430589' is missing from the main dataset, and is a top variant.
Warning: 'rs433061' is missing from the main dataset, and is a top variant.
Warning: 'rs7372386' is missing from the main dataset, and is a top variant.
Warning: 'rs7644530' is missing from the main dataset, and is a top variant.
Warning: 'rs6018320' is missing from the main dataset, and is a top variant.
Warning: 'rs13074866' is missing from the main dataset, and is a top variant.
Warning: 'rs35947591' is missing from the main dataset, and is a top variant.
Warning: 'rs9838792' is missing from the main dataset, and is a top variant.
Warning: 'rs2765783' is missing from the main dataset, and is a top variant.
Warning: 'rs4679050' is missing from the main dataset, and is a top variant.
Warning: 'rs3746490' is missing from the main dataset, and is a top variant.
Warning: 'rs7771144' is missing from the main dataset, and is a top variant.
Warning: 'rs6599205' is missing from the main dataset, and is a top variant.
Warning: 'rs2276540' is missing from the main dataset, and is a top variant.
Warning: 'rs13100195' is missing from the main dataset, and is a top variant.
Warning: 'rs12200155' is missing from the main dataset, and is a top variant.
Warning: 'rs79412930' is missing from the main dataset, and is a top variant.
Warning: 'rs1399625' is missing from the main dataset, and is a top variant.
Warning: 'rs34391887' is missing from the main dataset, and is a top variant.
Warning: 'rs12421429' is missing from the main dataset, and is a top variant.
Warning: 'rs2126534' is missing from the main dataset, and is a top variant.
Warning: 'rs12282266' is missing from the main dataset, and is a top variant.
Warning: 'rs7429308' is missing from the main dataset, and is a top variant.
Warning: 'rs36144213' is missing from the main dataset, and is a top variant.
Warning: 'rs2943658' is missing from the main dataset, and is a top variant.
Warning: 'rs2454438' is missing from the main dataset, and is a top variant.
Warning: 'rs1982997' is missing from the main dataset, and is a top variant.
Warning: 'rs4053065' is missing from the main dataset, and is a top variant.
Warning: 'rs60463402' is missing from the main dataset, and is a top variant.
Warning: 'rs36006749' is missing from the main dataset, and is a top variant.
Warning: 'rs6599204' is missing from the main dataset, and is a top variant.
Warning: 'rs11236178' is missing from the main dataset, and is a top variant.
Warning: 'rs709150' is missing from the main dataset, and is a top variant.
Warning: 'rs59830047' is missing from the main dataset, and is a top variant.
Warning: 'rs73003666' is missing from the main dataset, and is a top variant.
Warning: 'rs2268758' is missing from the main dataset, and is a top variant.
Warning: 'rs73003668' is missing from the main dataset, and is a top variant.
Warning: 'rs7124188' is missing from the main dataset, and is a top variant.
Warning: 'rs11969485' is missing from the main dataset, and is a top variant.
Warning: 'rs1150757' is missing from the main dataset, and is a top variant.
Warning: 'rs55903152' is missing from the main dataset, and is a top variant.
Warning: 'rs59080198' is missing from the main dataset, and is a top variant.
Warning: 'rs11236189' is missing from the main dataset, and is a top variant.
Warning: 'rs3822938' is missing from the main dataset, and is a top variant.
Warning: 'rs1817364' is missing from the main dataset, and is a top variant.
Warning: 'rs10219203' is missing from the main dataset, and is a top variant.
Warning: 'rs2281367' is missing from the main dataset, and is a top variant.
Warning: 'rs6934616' is missing from the main dataset, and is a top variant.
Warning: 'rs41286206' is missing from the main dataset, and is a top variant.
Warning: 'rs11643297' is missing from the main dataset, and is a top variant.
Warning: 'rs111398010' is missing from the main dataset, and is a top variant.
Warning: 'rs709148' is missing from the main dataset, and is a top variant.
Warning: 'rs11784619' is missing from the main dataset, and is a top variant.
Warning: 'rs13063978' is missing from the main dataset, and is a top variant.
Warning: 'rs4278037' is missing from the main dataset, and is a top variant.
Warning: 'rs9373045' is missing from the main dataset, and is a top variant.
Warning: 'rs6599207' is missing from the main dataset, and is a top variant.
Warning: 'rs35201994' is missing from the main dataset, and is a top variant.
Warning: 'rs6066225' is missing from the main dataset, and is a top variant.
Warning: 'rs34747287' is missing from the main dataset, and is a top variant.
Warning: 'rs6599208' is missing from the main dataset, and is a top variant.
Warning: 'rs6018317' is missing from the main dataset, and is a top variant.
Warning: 'rs17020663' is missing from the main dataset, and is a top variant.
Warning: 'rs9399057' is missing from the main dataset, and is a top variant.
Warning: 'rs34258593' is missing from the main dataset, and is a top variant.
Warning: 'rs2454458' is missing from the main dataset, and is a top variant.
Warning: 'rs28405267' is missing from the main dataset, and is a top variant.
Warning: 'rs11968532' is missing from the main dataset, and is a top variant.
Warning: 'rs6769298' is missing from the main dataset, and is a top variant.
Warning: 'rs11437451' is missing from the main dataset, and is a top variant.
Warning: 'rs7192056' is missing from the main dataset, and is a top variant.
Warning: 'rs61597223' is missing from the main dataset, and is a top variant.
Warning: 'rs7641609' is missing from the main dataset, and is a top variant.
Warning: 'rs2713553' is missing from the main dataset, and is a top variant.
Warning: 'rs693906' is missing from the main dataset, and is a top variant.
Warning: 'rs6766588' is missing from the main dataset, and is a top variant.
Warning: 'rs9402501' is missing from the main dataset, and is a top variant.
Warning: 'rs2713542' is missing from the main dataset, and is a top variant.
Warning: 'rs2117222' is missing from the main dataset, and is a top variant.
Warning: 'rs35301756' is missing from the main dataset, and is a top variant.
Warning: 'rs3787239' is missing from the main dataset, and is a top variant.
Warning: 'rs6793957' is missing from the main dataset, and is a top variant.
Warning: 'rs3762788' is missing from the main dataset, and is a top variant.
Warning: 'rs2458993' is missing from the main dataset, and is a top variant.
Warning: 'rs2366123' is missing from the main dataset, and is a top variant.
Warning: 'rs112417295' is missing from the main dataset, and is a top variant.
Warning: 'rs73148324' is missing from the main dataset, and is a top variant.
Warning: 'rs147397977' is missing from the main dataset, and is a top variant.
Warning: 'rs3091653' is missing from the main dataset, and is a top variant.
Warning: 'rs11645306' is missing from the main dataset, and is a top variant.
Warning: 'rs2159381' is missing from the main dataset, and is a top variant.
Warning: 'rs75413736' is missing from the main dataset, and is a top variant.
Warning: 'rs2713557' is missing from the main dataset, and is a top variant.
Warning: 'rs6063081' is missing from the main dataset, and is a top variant.
Warning: 'rs7206214' is missing from the main dataset, and is a top variant.
Warning: 'rs762317' is missing from the main dataset, and is a top variant.
Warning: 'rs62201430' is missing from the main dataset, and is a top variant.
Warning: 'rs6012127' is missing from the main dataset, and is a top variant.
Warning: 'rs2454457' is missing from the main dataset, and is a top variant.
Warning: 'rs62431678' is missing from the main dataset, and is a top variant.
Warning: 'rs2897770' is missing from the main dataset, and is a top variant.
Warning: 'rs6599211' is missing from the main dataset, and is a top variant.
Warning: 'rs2713560' is missing from the main dataset, and is a top variant.
Warning: 'rs4679066' is missing from the main dataset, and is a top variant.
Warning: 'rs1073505' is missing from the main dataset, and is a top variant.
Warning: 'rs10793094' is missing from the main dataset, and is a top variant.
Warning: 'rs35702867' is missing from the main dataset, and is a top variant.
Warning: 'rs9389066' is missing from the main dataset, and is a top variant.
Warning: 'rs2673144' is missing from the main dataset, and is a top variant.
Warning: 'rs17301858' is missing from the main dataset, and is a top variant.
Warning: 'rs56256859' is missing from the main dataset, and is a top variant.
Warning: 'rs2713559' is missing from the main dataset, and is a top variant.
Warning: 'rs17037664' is missing from the main dataset, and is a top variant.
Warning: 'rs41286212' is missing from the main dataset, and is a top variant.
Warning: 'rs1150756' is missing from the main dataset, and is a top variant.
Warning: 'rs75822474' is missing from the main dataset, and is a top variant.
Warning: 'rs13093640' is missing from the main dataset, and is a top variant.
Warning: 'rs2673136' is missing from the main dataset, and is a top variant.
Warning: 'rs3792528' is missing from the main dataset, and is a top variant.
Warning: 'rs1606791' is missing from the main dataset, and is a top variant.
Warning: 'rs6122558' is missing from the main dataset, and is a top variant.
Warning: 'rs1841776' is missing from the main dataset, and is a top variant.
Warning: 'rs6510375' is missing from the main dataset, and is a top variant.
Warning: 'rs2713558' is missing from the main dataset, and is a top variant.
Warning: 'rs7140' is missing from the main dataset, and is a top variant.
Warning: 'rs4678605' is missing from the main dataset, and is a top variant.
Warning: 'rs11236199' is missing from the main dataset, and is a top variant.
Warning: 'rs201896856' is missing from the main dataset, and is a top variant.
Warning: 'rs72860374' is missing from the main dataset, and is a top variant.
Warning: 'rs1567973' is missing from the main dataset, and is a top variant.
Warning: 'rs2673128' is missing from the main dataset, and is a top variant.
Warning: 'rs7373816' is missing from the main dataset, and is a top variant.
Warning: 'rs2366119' is missing from the main dataset, and is a top variant.
Warning: 'rs13064469' is missing from the main dataset, and is a top variant.
Warning: 'rs4446174' is missing from the main dataset, and is a top variant.
Warning: 'rs2396312' is missing from the main dataset, and is a top variant.
Warning: 'rs2713544' is missing from the main dataset, and is a top variant.
Warning: 'rs1841778' is missing from the main dataset, and is a top variant.
Warning: 'rs17053542' is missing from the main dataset, and is a top variant.
Warning: 'rs58659624' is missing from the main dataset, and is a top variant.
Warning: 'rs1515102' is missing from the main dataset, and is a top variant.
Warning: 'rs1841777' is missing from the main dataset, and is a top variant.
Warning: 'rs60337650' is missing from the main dataset, and is a top variant.
Warning: 'rs563658593' is missing from the main dataset, and is a top variant.
Warning: 'rs2673131' is missing from the main dataset, and is a top variant.
Warning: 'rs2713540' is missing from the main dataset, and is a top variant.
Warning: 'rs1944933' is missing from the main dataset, and is a top variant.
Warning: 'rs13089362' is missing from the main dataset, and is a top variant.
Warning: 'rs6436620' is missing from the main dataset, and is a top variant.
Warning: 'rs3827049' is missing from the main dataset, and is a top variant.
Warning: 'rs1151998' is missing from the main dataset, and is a top variant.
Warning: 'rs78335529' is missing from the main dataset, and is a top variant.
Warning: 'rs872249' is missing from the main dataset, and is a top variant.
Warning: 'rs1399624' is missing from the main dataset, and is a top variant.
Warning: 'rs2673135' is missing from the main dataset, and is a top variant.
Warning: 'rs6066213' is missing from the main dataset, and is a top variant.
Warning: 'rs12173440' is missing from the main dataset, and is a top variant.
Warning: 'rs2713551' is missing from the main dataset, and is a top variant.
Warning: 'rs13079757' is missing from the main dataset, and is a top variant.
Warning: 'rs60325450' is missing from the main dataset, and is a top variant.
Warning: 'rs11236182' is missing from the main dataset, and is a top variant.
Warning: 'rs17053540' is missing from the main dataset, and is a top variant.
Warning: 'rs40037' is missing from the main dataset, and is a top variant.
Warning: 'rs36159229' is missing from the main dataset, and is a top variant.
Warning: 'rs9373044' is missing from the main dataset, and is a top variant.
Warning: 'rs2070489' is missing from the main dataset, and is a top variant.
Warning: 'rs2713549' is missing from the main dataset, and is a top variant.
Warning: 'rs749448535' is missing from the main dataset, and is a top variant.
Warning: 'rs10899009' is missing from the main dataset, and is a top variant.
Warning: 'rs12175835' is missing from the main dataset, and is a top variant.
Warning: 'rs74594718' is missing from the main dataset, and is a top variant.
Warning: 'rs36160800' is missing from the main dataset, and is a top variant.
Warning: 'rs7757204' is missing from the main dataset, and is a top variant.
Warning: 'rs9683051' is missing from the main dataset, and is a top variant.
Warning: 'rs3130063' is missing from the main dataset, and is a top variant.
Warning: 'rs7374458' is missing from the main dataset, and is a top variant.
Warning: 'rs62428724' is missing from the main dataset, and is a top variant.
Warning: 'rs6066224' is missing from the main dataset, and is a top variant.
Warning: 'rs1813831' is missing from the main dataset, and is a top variant.
Warning: 'rs79167001' is missing from the main dataset, and is a top variant.
Warning: 'rs1336520' is missing from the main dataset, and is a top variant.
Warning: 'rs79563827' is missing from the main dataset, and is a top variant.
Warning: 'rs3130631' is missing from the main dataset, and is a top variant.
Warning: 'rs60797218' is missing from the main dataset, and is a top variant.
Warning: 'rs7373930' is missing from the main dataset, and is a top variant.
Warning: 'rs11471631' is missing from the main dataset, and is a top variant.
Warning: 'rs6565300' is missing from the main dataset, and is a top variant.
Warning: 'rs376829414' is missing from the main dataset, and is a top variant.
Warning: 'rs2972157' is missing from the main dataset, and is a top variant.
Warning: 'rs34326656' is missing from the main dataset, and is a top variant.
Warning: 'rs7647657' is missing from the main dataset, and is a top variant.
Warning: 'rs2972158' is missing from the main dataset, and is a top variant.
Warning: 'rs59768581' is missing from the main dataset, and is a top variant.
Warning: 'rs771175432' is missing from the main dataset, and is a top variant.
Warning: 'rs3825343' is missing from the main dataset, and is a top variant.
Warning: 'rs2972163' is missing from the main dataset, and is a top variant.
Warning: 'rs2302209' is missing from the main dataset, and is a top variant.
Warning: 'rs62428668' is missing from the main dataset, and is a top variant.
Warning: 'rs13072731' is missing from the main dataset, and is a top variant.
Warning: 'rs11236158' is missing from the main dataset, and is a top variant.
Warning: 'rs4837487' is missing from the main dataset, and is a top variant.
Warning: 'rs111625835' is missing from the main dataset, and is a top variant.
Warning: 'rs6018322' is missing from the main dataset, and is a top variant.
Warning: 'rs13094715' is missing from the main dataset, and is a top variant.
Warning: 'rs6124961' is missing from the main dataset, and is a top variant.
Warning: 'rs3132941' is missing from the main dataset, and is a top variant.
Warning: 'rs3749386' is missing from the main dataset, and is a top variant.
Warning: 'rs4766088' is missing from the main dataset, and is a top variant.
Warning: 'rs670203' is missing from the main dataset, and is a top variant.
Warning: 'rs2396316' is missing from the main dataset, and is a top variant.
Warning: 'rs7084454' is missing from the main dataset, and is a top variant.
Warning: 'rs56187503' is missing from the main dataset, and is a top variant.
Warning: 'rs8184673' is missing from the main dataset, and is a top variant.
Warning: 'rs3134900' is missing from the main dataset, and is a top variant.
Warning: 'rs2337106' is missing from the main dataset, and is a top variant.
Warning: 'rs10054487' is missing from the main dataset, and is a top variant.
Warning: 'rs62070157' is missing from the main dataset, and is a top variant.
Warning: 'rs6911166' is missing from the main dataset, and is a top variant.
Warning: 'rs56324036' is missing from the main dataset, and is a top variant.
Warning: 'rs11236200' is missing from the main dataset, and is a top variant.
Warning: 'rs11914389' is missing from the main dataset, and is a top variant.
Warning: 'rs2008019' is missing from the main dataset, and is a top variant.
Warning: 'rs2284817' is missing from the main dataset, and is a top variant.
Warning: 'rs4273354' is missing from the main dataset, and is a top variant.
Warning: 'rs62428663' is missing from the main dataset, and is a top variant.
Warning: 'rs62430315' is missing from the main dataset, and is a top variant.
Warning: 'rs1992769' is missing from the main dataset, and is a top variant.
Warning: 'rs10841525' is missing from the main dataset, and is a top variant.
Warning: 'rs11236185' is missing from the main dataset, and is a top variant.
Warning: 'rs10899029' is missing from the main dataset, and is a top variant.
Warning: 'rs28666607' is missing from the main dataset, and is a top variant.
Warning: 'rs56012027' is missing from the main dataset, and is a top variant.
Warning: 'rs75252993' is missing from the main dataset, and is a top variant.
Warning: 'rs6800614' is missing from the main dataset, and is a top variant.
Warning: 'rs7109940' is missing from the main dataset, and is a top variant.
Warning: 'rs75224083' is missing from the main dataset, and is a top variant.
Warning: 'rs62240836' is missing from the main dataset, and is a top variant.
Warning: 'rs4420291' is missing from the main dataset, and is a top variant.
Warning: 'rs9402502' is missing from the main dataset, and is a top variant.
Warning: 'rs9863437' is missing from the main dataset, and is a top variant.
Warning: 'rs11825804' is missing from the main dataset, and is a top variant.
Warning: 'rs753864313' is missing from the main dataset, and is a top variant.
Warning: 'rs62586005' is missing from the main dataset, and is a top variant.
Warning: 'rs62120396' is missing from the main dataset, and is a top variant.
Warning: 'rs3787235' is missing from the main dataset, and is a top variant.
Warning: 'rs62431681' is missing from the main dataset, and is a top variant.
Warning: 'rs112209674' is missing from the main dataset, and is a top variant.
Warning: 'rs6911916' is missing from the main dataset, and is a top variant.
Warning: 'rs3782780' is missing from the main dataset, and is a top variant.
Warning: 'rs117808688' is missing from the main dataset, and is a top variant.
Warning: 'rs62431680' is missing from the main dataset, and is a top variant.
Warning: 'rs62120395' is missing from the main dataset, and is a top variant.
Warning: 'rs62428726' is missing from the main dataset, and is a top variant.
Warning: 'rs10793101' is missing from the main dataset, and is a top variant.
Warning: 'rs3130923' is missing from the main dataset, and is a top variant.
Warning: 'rs35091896' is missing from the main dataset, and is a top variant.
Warning: 'rs778186750' is missing from the main dataset, and is a top variant.
Warning: 'rs709152' is missing from the main dataset, and is a top variant.
Warning: 'rs3117581' is missing from the main dataset, and is a top variant.
Warning: 'rs963978' is missing from the main dataset, and is a top variant.
Warning: 'rs60085010' is missing from the main dataset, and is a top variant.
Warning: 'rs7649153' is missing from the main dataset, and is a top variant.
Warning: 'rs6798085' is missing from the main dataset, and is a top variant.
Warning: 'rs61961491' is missing from the main dataset, and is a top variant.
Warning: 'rs401913' is missing from the main dataset, and is a top variant.
Warning: 'rs515688' is missing from the main dataset, and is a top variant.
Warning: 'rs271175' is missing from the main dataset, and is a top variant.
Warning: 'rs8046545' is missing from the main dataset, and is a top variant.
Warning: 'rs73396800' is missing from the main dataset, and is a top variant.
Warning: 'rs62428725' is missing from the main dataset, and is a top variant.
Warning: 'rs1870915' is missing from the main dataset, and is a top variant.
Warning: 'rs2938389' is missing from the main dataset, and is a top variant.
Warning: 'rs11273215' is missing from the main dataset, and is a top variant.
Warning: 'rs622076' is missing from the main dataset, and is a top variant.
Warning: 'rs56098412' is missing from the main dataset, and is a top variant.
Warning: 'rs390700' is missing from the main dataset, and is a top variant.
Warning: 'rs6124960' is missing from the main dataset, and is a top variant.
Warning: 'rs36153447' is missing from the main dataset, and is a top variant.
Warning: 'rs11604752' is missing from the main dataset, and is a top variant.
Warning: 'rs12460047' is missing from the main dataset, and is a top variant.
Warning: 'rs116131925' is missing from the main dataset, and is a top variant.
Warning: 'rs76704686' is missing from the main dataset, and is a top variant.
Warning: 'rs35371033' is missing from the main dataset, and is a top variant.
Warning: 'rs3130478' is missing from the main dataset, and is a top variant.
Warning: 'rs62428664' is missing from the main dataset, and is a top variant.
Warning: 'rs10075197' is missing from the main dataset, and is a top variant.
Warning: 'rs73409631' is missing from the main dataset, and is a top variant.
Warning: 'rs3762791' is missing from the main dataset, and is a top variant.
Warning: 'rs8060365' is missing from the main dataset, and is a top variant.
Warning: 'rs6066222' is missing from the main dataset, and is a top variant.
Warning: 'rs62428666' is missing from the main dataset, and is a top variant.
Warning: 'rs4808765' is missing from the main dataset, and is a top variant.
Warning: 'rs78457404' is missing from the main dataset, and is a top variant.
Warning: 'rs271138' is missing from the main dataset, and is a top variant.
Warning: 'rs11236161' is missing from the main dataset, and is a top variant.
Warning: 'rs1800628' is missing from the main dataset, and is a top variant.
Warning: 'rs529806782' is missing from the main dataset, and is a top variant.
Warning: 'rs9267539' is missing from the main dataset, and is a top variant.
Warning: 'rs3095233' is missing from the main dataset, and is a top variant.
Warning: 'rs1265947' is missing from the main dataset, and is a top variant.
Warning: 'rs114595701' is missing from the main dataset, and is a top variant.
Warning: 'rs9267578' is missing from the main dataset, and is a top variant.
Warning: 'rs6565293' is missing from the main dataset, and is a top variant.
Warning: 'rs5781131' is missing from the main dataset, and is a top variant.
Warning: 'rs6919155' is missing from the main dataset, and is a top variant.
Warning: 'rs73409636' is missing from the main dataset, and is a top variant.
Warning: 'rs34023964' is missing from the main dataset, and is a top variant.
Warning: 'rs2268762' is missing from the main dataset, and is a top variant.
Warning: 'rs73396802' is missing from the main dataset, and is a top variant.
Warning: 'rs3130616' is missing from the main dataset, and is a top variant.
Warning: 'rs10653411' is missing from the main dataset, and is a top variant.
Warning: 'rs3749387' is missing from the main dataset, and is a top variant.
Warning: 'rs12026739' is missing from the main dataset, and is a top variant.
Warning: 'rs6912460' is missing from the main dataset, and is a top variant.
Warning: 'rs3115663' is missing from the main dataset, and is a top variant.
Warning: 'rs6809352' is missing from the main dataset, and is a top variant.
Warning: 'rs11666033' is missing from the main dataset, and is a top variant.
Warning: 'rs11610052' is missing from the main dataset, and is a top variant.
Warning: 'rs3746489' is missing from the main dataset, and is a top variant.
Warning: 'rs755498348' is missing from the main dataset, and is a top variant.
Warning: 'rs59576053' is missing from the main dataset, and is a top variant.
Warning: 'rs55973594' is missing from the main dataset, and is a top variant.
Warning: 'rs12461072' is missing from the main dataset, and is a top variant.
Warning: 'rs77886265' is missing from the main dataset, and is a top variant.
Warning: 'rs378421' is missing from the main dataset, and is a top variant.
Warning: 'rs11452712' is missing from the main dataset, and is a top variant.
Warning: 'rs73409626' is missing from the main dataset, and is a top variant.
Warning: 'rs7375040' is missing from the main dataset, and is a top variant.
Warning: 'rs75380668' is missing from the main dataset, and is a top variant.
Warning: 'rs58173627' is missing from the main dataset, and is a top variant.
Warning: 'rs7372849' is missing from the main dataset, and is a top variant.
Warning: 'rs150279002' is missing from the main dataset, and is a top variant.
Warning: 'rs35070952' is missing from the main dataset, and is a top variant.
Warning: 'rs2327358' is missing from the main dataset, and is a top variant.
Warning: 'rs35592410' is missing from the main dataset, and is a top variant.
Warning: 'rs117915898' is missing from the main dataset, and is a top variant.
Warning: 'rs13078966' is missing from the main dataset, and is a top variant.
Warning: 'rs13098946' is missing from the main dataset, and is a top variant.
Warning: 'rs6912223' is missing from the main dataset, and is a top variant.
Warning: 'rs3130491' is missing from the main dataset, and is a top variant.
Warning: 'rs422692' is missing from the main dataset, and is a top variant.
Warning: 'rs2868849' is missing from the main dataset, and is a top variant.
Warning: 'rs13045448' is missing from the main dataset, and is a top variant.
Warning: 'rs2763980' is missing from the main dataset, and is a top variant.
Warning: 'rs6689707' is missing from the main dataset, and is a top variant.
Warning: 'rs3130046' is missing from the main dataset, and is a top variant.
Warning: 'rs9552483' is missing from the main dataset, and is a top variant.
Warning: 'rs73409643' is missing from the main dataset, and is a top variant.
Warning: 'rs111234931' is missing from the main dataset, and is a top variant.
Warning: 'rs113070636' is missing from the main dataset, and is a top variant.
Warning: 'rs12332652' is missing from the main dataset, and is a top variant.
Warning: 'rs3115664' is missing from the main dataset, and is a top variant.
Warning: 'rs537448' is missing from the main dataset, and is a top variant.
Warning: 'rs16967990' is missing from the main dataset, and is a top variant.
Warning: 'rs3130622' is missing from the main dataset, and is a top variant.
Warning: 'rs2327285' is missing from the main dataset, and is a top variant.
Warning: 'rs55887216' is missing from the main dataset, and is a top variant.
Warning: 'rs7640648' is missing from the main dataset, and is a top variant.
Warning: 'rs11642449' is missing from the main dataset, and is a top variant.
Warning: 'rs3130476' is missing from the main dataset, and is a top variant.
Warning: 'rs501942' is missing from the main dataset, and is a top variant.
Warning: 'rs112308052' is missing from the main dataset, and is a top variant.
Warning: 'rs762318' is missing from the main dataset, and is a top variant.
Warning: 'rs9311188' is missing from the main dataset, and is a top variant.
Warning: 'rs6796845' is missing from the main dataset, and is a top variant.
Warning: 'rs6507878' is missing from the main dataset, and is a top variant.
Warning: 'rs12859620' is missing from the main dataset, and is a top variant.
Warning: 'rs3130621' is missing from the main dataset, and is a top variant.
Warning: 'rs7750379' is missing from the main dataset, and is a top variant.
Warning: 'rs7768311' is missing from the main dataset, and is a top variant.
Warning: 'rs599707' is missing from the main dataset, and is a top variant.
Warning: 'rs57651384' is missing from the main dataset, and is a top variant.
Warning: 'rs9829192' is missing from the main dataset, and is a top variant.
Warning: 'rs564819152' is missing from the main dataset, and is a top variant.
Warning: 'rs550532200' is missing from the main dataset, and is a top variant.
Warning: 'rs530827289' is missing from the main dataset, and is a top variant.
Warning: 'rs2753961' is missing from the main dataset, and is a top variant.
Warning: 'rs145852769' is missing from the main dataset, and is a top variant.
Warning: 'rs9931989' is missing from the main dataset, and is a top variant.
Warning: 'rs75306861' is missing from the main dataset, and is a top variant.
Warning: 'rs2607014' is missing from the main dataset, and is a top variant.
Warning: 'rs2736425' is missing from the main dataset, and is a top variant.
Warning: 'rs9267574' is missing from the main dataset, and is a top variant.
Warning: 'rs3130624' is missing from the main dataset, and is a top variant.
Warning: 'rs681331' is missing from the main dataset, and is a top variant.
Warning: 'rs6599212' is missing from the main dataset, and is a top variant.
Warning: 'rs6599209' is missing from the main dataset, and is a top variant.
Warning: 'rs6805386' is missing from the main dataset, and is a top variant.
Warning: 'rs5875329' is missing from the main dataset, and is a top variant.
Warning: 'rs45506201' is missing from the main dataset, and is a top variant.
Warning: 'rs3782775' is missing from the main dataset, and is a top variant.
Warning: 'rs2284819' is missing from the main dataset, and is a top variant.
Warning: 'rs7121958' is missing from the main dataset, and is a top variant.
Warning: 'rs8056890' is missing from the main dataset, and is a top variant.
Warning: 'rs3101017' is missing from the main dataset, and is a top variant.
Warning: 'rs1417452' is missing from the main dataset, and is a top variant.
Warning: 'rs13079145' is missing from the main dataset, and is a top variant.
Warning: 'rs62431677' is missing from the main dataset, and is a top variant.
Warning: 'rs7185232' is missing from the main dataset, and is a top variant.
Warning: 'rs3117579' is missing from the main dataset, and is a top variant.
Warning: 'rs76088152' is missing from the main dataset, and is a top variant.
Warning: 'rs79834959' is missing from the main dataset, and is a top variant.
Warning: 'rs3837428' is missing from the main dataset, and is a top variant.
Warning: 'rs4035063' is missing from the main dataset, and is a top variant.
Warning: 'rs3924376' is missing from the main dataset, and is a top variant.
Warning: 'rs12858548' is missing from the main dataset, and is a top variant.
Warning: 'rs625421' is missing from the main dataset, and is a top variant.
Warning: 'rs79955346' is missing from the main dataset, and is a top variant.
Warning: 'rs56215630' is missing from the main dataset, and is a top variant.
Warning: 'rs7823971' is missing from the main dataset, and is a top variant.
Warning: 'rs553414' is missing from the main dataset, and is a top variant.
Warning: 'rs9267549' is missing from the main dataset, and is a top variant.
Warning: 'rs55813157' is missing from the main dataset, and is a top variant.
Warning: 'rs4679060' is missing from the main dataset, and is a top variant.
Warning: 'rs12919058' is missing from the main dataset, and is a top variant.
Warning: 'rs5875328' is missing from the main dataset, and is a top variant.
Warning: 'rs3130047' is missing from the main dataset, and is a top variant.
Warning: 'rs1265905' is missing from the main dataset, and is a top variant.
Warning: 'rs62428665' is missing from the main dataset, and is a top variant.
Warning: 'rs3131642' is missing from the main dataset, and is a top variant.
Warning: 'rs3117580' is missing from the main dataset, and is a top variant.
Warning: 'rs71536115' is missing from the main dataset, and is a top variant.
Warning: 'rs7329456' is missing from the main dataset, and is a top variant.
Warning: 'rs1475298' is missing from the main dataset, and is a top variant.
Warning: 'rs1399623' is missing from the main dataset, and is a top variant.
Warning: 'rs6599202' is missing from the main dataset, and is a top variant.
Warning: 'rs7652475' is missing from the main dataset, and is a top variant.
Warning: 'rs662094' is missing from the main dataset, and is a top variant.
Warning: 'rs12044365' is missing from the main dataset, and is a top variant.
Warning: 'rs7642472' is missing from the main dataset, and is a top variant.
Warning: 'rs3018318' is missing from the main dataset, and is a top variant.
Warning: 'rs57331574' is missing from the main dataset, and is a top variant.
Warning: 'rs74334153' is missing from the main dataset, and is a top variant.
Warning: 'rs4679053' is missing from the main dataset, and is a top variant.
Warning: 'rs3117573' is missing from the main dataset, and is a top variant.
Warning: 'rs3132443' is missing from the main dataset, and is a top variant.
Warning: 'rs928813' is missing from the main dataset, and is a top variant.
Warning: 'rs11786896' is missing from the main dataset, and is a top variant.
Warning: 'rs3117576' is missing from the main dataset, and is a top variant.
Warning: 'rs137915523' is missing from the main dataset, and is a top variant.
Warning: 'rs915652' is missing from the main dataset, and is a top variant.
Warning: 'rs11472097' is missing from the main dataset, and is a top variant.
Warning: 'rs3131380' is missing from the main dataset, and is a top variant.
Warning: 'rs494865' is missing from the main dataset, and is a top variant.
Warning: 'rs117866287' is missing from the main dataset, and is a top variant.
Warning: 'rs112335292' is missing from the main dataset, and is a top variant.
Warning: 'rs79623938' is missing from the main dataset, and is a top variant.
Warning: 'rs3094010' is missing from the main dataset, and is a top variant.
Warning: 'rs876060' is missing from the main dataset, and is a top variant.
Warning: 'rs3099843' is missing from the main dataset, and is a top variant.
Warning: 'rs8123207' is missing from the main dataset, and is a top variant.
Warning: 'rs2143589' is missing from the main dataset, and is a top variant.
Warning: 'rs7640050' is missing from the main dataset, and is a top variant.
Warning: 'rs111847462' is missing from the main dataset, and is a top variant.
Warning: 'rs615205' is missing from the main dataset, and is a top variant.
Warning: 'rs11757578' is missing from the main dataset, and is a top variant.
Warning: 'rs1870940' is missing from the main dataset, and is a top variant.
Warning: 'rs2959269' is missing from the main dataset, and is a top variant.
Warning: 'rs10627090' is missing from the main dataset, and is a top variant.
Warning: 'rs58342792' is missing from the main dataset, and is a top variant.
Warning: 'rs6478956' is missing from the main dataset, and is a top variant.
Warning: 'rs12625968' is missing from the main dataset, and is a top variant.
Warning: 'rs9267544' is missing from the main dataset, and is a top variant.
Warning: 'rs9863976' is missing from the main dataset, and is a top variant.
Warning: 'rs35485609' is missing from the main dataset, and is a top variant.
Warning: 'rs10047727' is missing from the main dataset, and is a top variant.
Warning: 'rs59101559' is missing from the main dataset, and is a top variant.
Warning: 'rs4808766' is missing from the main dataset, and is a top variant.
Warning: 'rs367954305' is missing from the main dataset, and is a top variant.
Warning: 'rs112935194' is missing from the main dataset, and is a top variant.
Warning: 'rs545009' is missing from the main dataset, and is a top variant.
Warning: 'rs143406390' is missing from the main dataset, and is a top variant.
Warning: 'rs9321406' is missing from the main dataset, and is a top variant.
Warning: 'rs709167' is missing from the main dataset, and is a top variant.
Warning: 'rs271162' is missing from the main dataset, and is a top variant.
Warning: 'rs79302180' is missing from the main dataset, and is a top variant.
Warning: 'rs115591082' is missing from the main dataset, and is a top variant.
Warning: 'rs2924807' is missing from the main dataset, and is a top variant.
Warning: 'rs67551338' is missing from the main dataset, and is a top variant.
Warning: 'rs35405369' is missing from the main dataset, and is a top variant.
Warning: 'rs1127894' is missing from the main dataset, and is a top variant.
Warning: 'rs3132470' is missing from the main dataset, and is a top variant.
Warning: 'rs140086796' is missing from the main dataset, and is a top variant.
Warning: 'rs151115814' is missing from the main dataset, and is a top variant.
Warning: 'rs142997057' is missing from the main dataset, and is a top variant.
Warning: 'rs140470768' is missing from the main dataset, and is a top variant.
Warning: 'rs13170063' is missing from the main dataset, and is a top variant.
Warning: 'rs6512428' is missing from the main dataset, and is a top variant.
Warning: 'rs630021' is missing from the main dataset, and is a top variant.
Warning: 'rs2000939' is missing from the main dataset, and is a top variant.
Warning: 'rs3131381' is missing from the main dataset, and is a top variant.
Warning: 'rs6122556' is missing from the main dataset, and is a top variant.
Warning: 'rs71040138' is missing from the main dataset, and is a top variant.
Warning: 'rs116827595' is missing from the main dataset, and is a top variant.
Warning: 'rs9856899' is missing from the main dataset, and is a top variant.
Warning: 'rs743590' is missing from the main dataset, and is a top variant.
Warning: 'rs12369593' is missing from the main dataset, and is a top variant.
Warning: 'rs9267445' is missing from the main dataset, and is a top variant.
Warning: 'rs6066106' is missing from the main dataset, and is a top variant.
Warning: 'rs7626030' is missing from the main dataset, and is a top variant.
Warning: 'rs7206728' is missing from the main dataset, and is a top variant.
Warning: 'rs62430318' is missing from the main dataset, and is a top variant.
Warning: 'rs113913737' is missing from the main dataset, and is a top variant.
Warning: 'rs2419655' is missing from the main dataset, and is a top variant.
Warning: 'rs35364088' is missing from the main dataset, and is a top variant.
Warning: 'rs11045260' is missing from the main dataset, and is a top variant.
Warning: 'rs2963439' is missing from the main dataset, and is a top variant.
Warning: 'rs62430317' is missing from the main dataset, and is a top variant.
Warning: 'rs62430319' is missing from the main dataset, and is a top variant.
Warning: 'rs7488017' is missing from the main dataset, and is a top variant.
Warning: 'rs3130908' is missing from the main dataset, and is a top variant.
Warning: 'rs3130909' is missing from the main dataset, and is a top variant.
Warning: 'rs6124949' is missing from the main dataset, and is a top variant.
Warning: 'rs12366354' is missing from the main dataset, and is a top variant.
Warning: 'rs12779865' is missing from the main dataset, and is a top variant.
Warning: 'rs2860432' is missing from the main dataset, and is a top variant.
Warning: 'rs756361689' is missing from the main dataset, and is a top variant.
Warning: 'rs4149406' is missing from the main dataset, and is a top variant.
Warning: 'rs532086' is missing from the main dataset, and is a top variant.
Warning: 'rs11236155' is missing from the main dataset, and is a top variant.
Warning: 'rs66571893' is missing from the main dataset, and is a top variant.
Warning: 'rs73047065' is missing from the main dataset, and is a top variant.
Warning: 'rs531490' is missing from the main dataset, and is a top variant.
Warning: 'rs73148326' is missing from the main dataset, and is a top variant.
Warning: 'rs11700026' is missing from the main dataset, and is a top variant.
Warning: 'rs159424' is missing from the main dataset, and is a top variant.
Warning: 'rs139759813' is missing from the main dataset, and is a top variant.
Warning: 'rs77399733' is missing from the main dataset, and is a top variant.
Warning: 'rs62430312' is missing from the main dataset, and is a top variant.
Warning: 'rs73047059' is missing from the main dataset, and is a top variant.
Warning: 'rs2454456' is missing from the main dataset, and is a top variant.
Warning: 'rs113377538' is missing from the main dataset, and is a top variant.
Warning: 'rs11062590' is missing from the main dataset, and is a top variant.
Warning: 'rs56233017' is missing from the main dataset, and is a top variant.
Warning: 'rs9952412' is missing from the main dataset, and is a top variant.
Warning: 'rs746857518' is missing from the main dataset, and is a top variant.
Warning: 'rs77360507' is missing from the main dataset, and is a top variant.
Warning: 'rs904452' is missing from the main dataset, and is a top variant.
Warning: 'rs113208333' is missing from the main dataset, and is a top variant.
Warning: 'rs3063989' is missing from the main dataset, and is a top variant.
Warning: 'rs62201406' is missing from the main dataset, and is a top variant.
Warning: 'rs12798124' is missing from the main dataset, and is a top variant.
Warning: 'rs2228' is missing from the main dataset, and is a top variant.
Warning: 'rs117047468' is missing from the main dataset, and is a top variant.
Warning: 'rs8124573' is missing from the main dataset, and is a top variant.
Warning: 'rs6018325' is missing from the main dataset, and is a top variant.
Warning: 'rs6018324' is missing from the main dataset, and is a top variant.
Warning: 'rs13060685' is missing from the main dataset, and is a top variant.
Warning: 'rs79997404' is missing from the main dataset, and is a top variant.
Warning: 'rs62034322' is missing from the main dataset, and is a top variant.
Warning: 'rs915651' is missing from the main dataset, and is a top variant.
Warning: 'rs13263939' is missing from the main dataset, and is a top variant.
Warning: 'rs7184597' is missing from the main dataset, and is a top variant.
Warning: 'rs116916534' is missing from the main dataset, and is a top variant.
Warning: 'rs271114' is missing from the main dataset, and is a top variant.
Warning: 'rs1039244' is missing from the main dataset, and is a top variant.
Warning: 'rs73048927' is missing from the main dataset, and is a top variant.
Warning: 'rs7433277' is missing from the main dataset, and is a top variant.
Warning: 'rs3130612' is missing from the main dataset, and is a top variant.
Warning: 'rs74891390' is missing from the main dataset, and is a top variant.
Warning: 'rs4766083' is missing from the main dataset, and is a top variant.
Warning: 'rs9708958' is missing from the main dataset, and is a top variant.
Warning: 'rs62031560' is missing from the main dataset, and is a top variant.
Warning: 'rs2963436' is missing from the main dataset, and is a top variant.
Warning: 'rs6742231' is missing from the main dataset, and is a top variant.
Warning: 'rs271147' is missing from the main dataset, and is a top variant.
Warning: 'rs1984312' is missing from the main dataset, and is a top variant.
Warning: 'rs73311211' is missing from the main dataset, and is a top variant.
Warning: 'rs371888022' is missing from the main dataset, and is a top variant.
Warning: 'rs963163' is missing from the main dataset, and is a top variant.
Warning: 'rs7648489' is missing from the main dataset, and is a top variant.
Warning: 'rs4684866' is missing from the main dataset, and is a top variant.
Warning: 'rs6770781' is missing from the main dataset, and is a top variant.
Warning: 'rs200325630' is missing from the main dataset, and is a top variant.
Warning: 'rs57821916' is missing from the main dataset, and is a top variant.
Warning: 'rs66462026' is missing from the main dataset, and is a top variant.
Warning: 'rs7238442' is missing from the main dataset, and is a top variant.
Warning: 'rs2186955' is missing from the main dataset, and is a top variant.
Warning: 'rs3130614' is missing from the main dataset, and is a top variant.
Warning: 'rs6442320' is missing from the main dataset, and is a top variant.
Warning: 'rs6910310' is missing from the main dataset, and is a top variant.
Warning: 'rs4234511' is missing from the main dataset, and is a top variant.
Warning: 'rs7647328' is missing from the main dataset, and is a top variant.
Warning: 'rs13333976' is missing from the main dataset, and is a top variant.
Warning: 'rs3118902' is missing from the main dataset, and is a top variant.
Warning: 'rs67234314' is missing from the main dataset, and is a top variant.
Warning: 'rs3986619' is missing from the main dataset, and is a top variant.
Warning: 'rs4944933' is missing from the main dataset, and is a top variant.
Warning: 'rs66464318' is missing from the main dataset, and is a top variant.
Warning: 'rs6747874' is missing from the main dataset, and is a top variant.
Warning: 'rs201309937' is missing from the main dataset, and is a top variant.
Warning: 'rs11602237' is missing from the main dataset, and is a top variant.
Warning: 'rs8117199' is missing from the main dataset, and is a top variant.
Warning: 'rs112872953' is missing from the main dataset, and is a top variant.
Warning: 'rs8124995' is missing from the main dataset, and is a top variant.
Warning: 'rs200266058' is missing from the main dataset, and is a top variant.
Warning: 'rs6793346' is missing from the main dataset, and is a top variant.
Warning: 'rs11482825' is missing from the main dataset, and is a top variant.
Warning: 'rs2044753' is missing from the main dataset, and is a top variant.
Warning: 'rs6122559' is missing from the main dataset, and is a top variant.
Warning: 'rs6510374' is missing from the main dataset, and is a top variant.
Warning: 'rs1144710' is missing from the main dataset, and is a top variant.
Warning: 'rs2154035' is missing from the main dataset, and is a top variant.
Warning: 'rs9877282' is missing from the main dataset, and is a top variant.
Warning: 'rs11666424' is missing from the main dataset, and is a top variant.
Warning: 'rs11670370' is missing from the main dataset, and is a top variant.
Warning: 'rs4939837' is missing from the main dataset, and is a top variant.
Warning: 'rs2648367' is missing from the main dataset, and is a top variant.
Warning: 'rs9272209' is missing from the main dataset, and is a top variant.
Warning: 'rs62201426' is missing from the main dataset, and is a top variant.
Warning: 'rs67672535' is missing from the main dataset, and is a top variant.
Warning: 'rs71475386' is missing from the main dataset, and is a top variant.
Warning: 'rs6599206' is missing from the main dataset, and is a top variant.
Warning: 'rs77949641' is missing from the main dataset, and is a top variant.
Warning: 'rs2596828' is missing from the main dataset, and is a top variant.
Warning: 'rs8124918' is missing from the main dataset, and is a top variant.
Warning: 'rs113420741' is missing from the main dataset, and is a top variant.
Warning: 'rs4629039' is missing from the main dataset, and is a top variant.
Warning: 'rs6747755' is missing from the main dataset, and is a top variant.
Warning: 'rs2946177' is missing from the main dataset, and is a top variant.
Warning: 'rs2044754' is missing from the main dataset, and is a top variant.
Warning: 'rs3729926' is missing from the main dataset, and is a top variant.
Warning: 'rs566320862' is missing from the main dataset, and is a top variant.
Warning: 'rs2726031' is missing from the main dataset, and is a top variant.
Warning: 'rs2348197' is missing from the main dataset, and is a top variant.
Warning: 'rs2036230' is missing from the main dataset, and is a top variant.
Warning: 'rs9871419' is missing from the main dataset, and is a top variant.
Warning: 'rs646346' is missing from the main dataset, and is a top variant.
Warning: 'rs75225891' is missing from the main dataset, and is a top variant.
Warning: 'rs11388208' is missing from the main dataset, and is a top variant.
Warning: 'rs3986805' is missing from the main dataset, and is a top variant.
Warning: 'rs271176' is missing from the main dataset, and is a top variant.
Warning: 'rs139037735' is missing from the main dataset, and is a top variant.
Warning: 'rs2764217' is missing from the main dataset, and is a top variant.
Warning: 'rs9850764' is missing from the main dataset, and is a top variant.
Warning: 'rs1064048' is missing from the main dataset, and is a top variant.
Warning: 'rs73047075' is missing from the main dataset, and is a top variant.
Warning: 'rs765309079' is missing from the main dataset, and is a top variant.
Warning: 'rs746721254' is missing from the main dataset, and is a top variant.
Warning: 'rs12619710' is missing from the main dataset, and is a top variant.
Warning: 'rs9922412' is missing from the main dataset, and is a top variant.
Warning: 'rs6914950' is missing from the main dataset, and is a top variant.
Warning: 'rs112638463' is missing from the main dataset, and is a top variant.
Warning: 'rs73048966' is missing from the main dataset, and is a top variant.
Warning: 'rs1794277' is missing from the main dataset, and is a top variant.
Warning: 'rs4684112' is missing from the main dataset, and is a top variant.
Warning: 'rs2370840' is missing from the main dataset, and is a top variant.
Warning: 'rs62120364' is missing from the main dataset, and is a top variant.
Warning: 'rs74954553' is missing from the main dataset, and is a top variant.
Warning: 'rs4684868' is missing from the main dataset, and is a top variant.
Warning: 'rs11062595' is missing from the main dataset, and is a top variant.
Warning: 'rs78079567' is missing from the main dataset, and is a top variant.
Warning: 'rs60146811' is missing from the main dataset, and is a top variant.
Warning: 'rs240708' is missing from the main dataset, and is a top variant.
Warning: 'rs112470239' is missing from the main dataset, and is a top variant.
Warning: 'rs6802071' is missing from the main dataset, and is a top variant.
Warning: 'rs73409691' is missing from the main dataset, and is a top variant.
Warning: 'rs4424102' is missing from the main dataset, and is a top variant.
Warning: 'rs7646025' is missing from the main dataset, and is a top variant.
Warning: 'rs62037414' is missing from the main dataset, and is a top variant.
Warning: 'rs4684869' is missing from the main dataset, and is a top variant.
Warning: 'rs6889846' is missing from the main dataset, and is a top variant.
Warning: 'rs7763805' is missing from the main dataset, and is a top variant.
Warning: 'rs9273325' is missing from the main dataset, and is a top variant.
Warning: 'rs4665972' is missing from the main dataset, and is a top variant.
Warning: 'rs1613056' is missing from the main dataset, and is a top variant.
Warning: 'rs117035602' is missing from the main dataset, and is a top variant.
Warning: 'rs5746177' is missing from the main dataset, and is a top variant.
Warning: 'rs11062596' is missing from the main dataset, and is a top variant.
Warning: 'rs6801357' is missing from the main dataset, and is a top variant.
Warning: 'rs7018410' is missing from the main dataset, and is a top variant.
Warning: 'rs9809842' is missing from the main dataset, and is a top variant.
Warning: 'rs185181791' is missing from the main dataset, and is a top variant.
Warning: 'rs9272770' is missing from the main dataset, and is a top variant.
Warning: 'rs62034325' is missing from the main dataset, and is a top variant.
Warning: 'rs3134978' is missing from the main dataset, and is a top variant.
Warning: 'rs2505617' is missing from the main dataset, and is a top variant.
Warning: 'rs10167320' is missing from the main dataset, and is a top variant.
Warning: 'rs1794511' is missing from the main dataset, and is a top variant.
Warning: 'rs73048943' is missing from the main dataset, and is a top variant.
Warning: 'rs2854022' is missing from the main dataset, and is a top variant.
Warning: 'rs2348198' is missing from the main dataset, and is a top variant.
Warning: 'rs1794530' is missing from the main dataset, and is a top variant.
Warning: 'rs1794272' is missing from the main dataset, and is a top variant.
Warning: 'rs2881851' is missing from the main dataset, and is a top variant.
Warning: 'rs6018326' is missing from the main dataset, and is a top variant.
Warning: 'rs13143234' is missing from the main dataset, and is a top variant.
Warning: 'rs13135688' is missing from the main dataset, and is a top variant.
Warning: 'rs62191888' is missing from the main dataset, and is a top variant.
Warning: 'rs111771093' is missing from the main dataset, and is a top variant.
Warning: 'rs76798800' is missing from the main dataset, and is a top variant.
Warning: 'rs3134977' is missing from the main dataset, and is a top variant.
Warning: 'rs75279684' is missing from the main dataset, and is a top variant.
Warning: 'rs62201431' is missing from the main dataset, and is a top variant.
Warning: 'rs56330626' is missing from the main dataset, and is a top variant.
Warning: 'rs75710158' is missing from the main dataset, and is a top variant.
Warning: 'rs1794528' is missing from the main dataset, and is a top variant.
Warning: 'rs138527158' is missing from the main dataset, and is a top variant.
Warning: 'rs13114461' is missing from the main dataset, and is a top variant.
Warning: 'rs2647019' is missing from the main dataset, and is a top variant.
Warning: 'rs1007331' is missing from the main dataset, and is a top variant.
Warning: 'rs6063076' is missing from the main dataset, and is a top variant.
Warning: 'rs76778925' is missing from the main dataset, and is a top variant.
Warning: 'rs61961502' is missing from the main dataset, and is a top variant.
Warning: 'rs6094623' is missing from the main dataset, and is a top variant.
Warning: 'rs2284189' is missing from the main dataset, and is a top variant.
Warning: 'rs1048381' is missing from the main dataset, and is a top variant.
Warning: 'rs40834' is missing from the main dataset, and is a top variant.
Warning: 'rs271148' is missing from the main dataset, and is a top variant.
Warning: 'rs6094622' is missing from the main dataset, and is a top variant.
Warning: 'rs271116' is missing from the main dataset, and is a top variant.
Warning: 'rs1810144' is missing from the main dataset, and is a top variant.
Warning: 'rs9272729' is missing from the main dataset, and is a top variant.
Warning: 'rs7959590' is missing from the main dataset, and is a top variant.
Warning: 'rs1749225' is missing from the main dataset, and is a top variant.
Warning: 'rs2647044' is missing from the main dataset, and is a top variant.
Warning: 'rs55792032' is missing from the main dataset, and is a top variant.
Warning: 'rs67809146' is missing from the main dataset, and is a top variant.
Warning: 'rs34902663' is missing from the main dataset, and is a top variant.
Warning: 'rs28567725' is missing from the main dataset, and is a top variant.
Warning: 'rs73047072' is missing from the main dataset, and is a top variant.
Warning: 'rs2878889' is missing from the main dataset, and is a top variant.
Warning: 'rs169199' is missing from the main dataset, and is a top variant.
Warning: 'rs1617322' is missing from the main dataset, and is a top variant.
Warning: 'rs112047757' is missing from the main dataset, and is a top variant.
Warning: 'rs9596200' is missing from the main dataset, and is a top variant.
Warning: 'rs2647004' is missing from the main dataset, and is a top variant.
Warning: 'rs533950632' is missing from the main dataset, and is a top variant.
Warning: 'rs147115029' is missing from the main dataset, and is a top variant.
Warning: 'rs34692250' is missing from the main dataset, and is a top variant.
Warning: 'rs1570353' is missing from the main dataset, and is a top variant.
Warning: 'rs273507' is missing from the main dataset, and is a top variant.
Warning: 'rs4546136' is missing from the main dataset, and is a top variant.
Warning: 'rs56128769' is missing from the main dataset, and is a top variant.
Warning: 'rs11639897' is missing from the main dataset, and is a top variant.
Warning: 'rs3134971' is missing from the main dataset, and is a top variant.
Warning: 'rs112191041' is missing from the main dataset, and is a top variant.
Warning: 'rs111693583' is missing from the main dataset, and is a top variant.
Warning: 'rs11074911' is missing from the main dataset, and is a top variant.
Warning: 'rs7402977' is missing from the main dataset, and is a top variant.
Warning: 'rs762101480' is missing from the main dataset, and is a top variant.
Warning: 'rs4942866' is missing from the main dataset, and is a top variant.
Warning: 'rs1794280' is missing from the main dataset, and is a top variant.
Warning: 'rs761986082' is missing from the main dataset, and is a top variant.
Warning: 'rs5746152' is missing from the main dataset, and is a top variant.
Warning: 'rs57197768' is missing from the main dataset, and is a top variant.
Warning: 'rs57970901' is missing from the main dataset, and is a top variant.
Warning: 'rs386638995' is missing from the main dataset, and is a top variant.
Warning: 'rs547938281' is missing from the main dataset, and is a top variant.
Warning: 'rs1009333' is missing from the main dataset, and is a top variant.
Warning: 'rs7894565' is missing from the main dataset, and is a top variant.
Warning: 'rs201893032' is missing from the main dataset, and is a top variant.
Warning: 'rs7606711' is missing from the main dataset, and is a top variant.
Warning: 'rs577007261' is missing from the main dataset, and is a top variant.
Warning: 'rs1794283' is missing from the main dataset, and is a top variant.
Warning: 'rs11062597' is missing from the main dataset, and is a top variant.
Warning: 'rs71475384' is missing from the main dataset, and is a top variant.
Warning: 'rs75061909' is missing from the main dataset, and is a top variant.
Warning: 'rs41504144' is missing from the main dataset, and is a top variant.
Warning: 'rs79567528' is missing from the main dataset, and is a top variant.
Warning: 'rs760449869' is missing from the main dataset, and is a top variant.
Warning: 'rs1201716' is missing from the main dataset, and is a top variant.
Warning: 'rs1198324' is missing from the main dataset, and is a top variant.
Warning: 'rs1198322' is missing from the main dataset, and is a top variant.
Warning: 'rs1054684' is missing from the main dataset, and is a top variant.
Warning: 'rs40836' is missing from the main dataset, and is a top variant.
Warning: 'rs9819832' is missing from the main dataset, and is a top variant.
Warning: 'rs199526214' is missing from the main dataset, and is a top variant.
Warning: 'rs115349677' is missing from the main dataset, and is a top variant.
Warning: 'rs2040409' is missing from the main dataset, and is a top variant.
Warning: 'rs1198320' is missing from the main dataset, and is a top variant.
Warning: 'rs6788780' is missing from the main dataset, and is a top variant.
Warning: 'rs6788999' is missing from the main dataset, and is a top variant.
Warning: 'rs2348200' is missing from the main dataset, and is a top variant.
Warning: 'rs1198319' is missing from the main dataset, and is a top variant.
Warning: 'rs56209193' is missing from the main dataset, and is a top variant.
Warning: 'rs1198315' is missing from the main dataset, and is a top variant.
Warning: 'rs6747041' is missing from the main dataset, and is a top variant.
Warning: 'rs12800599' is missing from the main dataset, and is a top variant.
Warning: 'rs12447461' is missing from the main dataset, and is a top variant.
Warning: 'rs9275576' is missing from the main dataset, and is a top variant.
Warning: 'rs3864032' is missing from the main dataset, and is a top variant.
Warning: 'rs146090919' is missing from the main dataset, and is a top variant.
Warning: 'rs12412831' is missing from the main dataset, and is a top variant.
Warning: 'rs153111' is missing from the main dataset, and is a top variant.
Warning: 'rs7190771' is missing from the main dataset, and is a top variant.
Warning: 'rs2726033' is missing from the main dataset, and is a top variant.
Warning: 'rs7206629' is missing from the main dataset, and is a top variant.
Warning: 'rs35679453' is missing from the main dataset, and is a top variant.
Warning: 'rs12448429' is missing from the main dataset, and is a top variant.
Warning: 'rs10828250' is missing from the main dataset, and is a top variant.
Warning: 'rs9273369' is missing from the main dataset, and is a top variant.
Warning: 'rs77909586' is missing from the main dataset, and is a top variant.
Warning: 'rs271117' is missing from the main dataset, and is a top variant.
Warning: 'rs189278832' is missing from the main dataset, and is a top variant.
Warning: 'rs9816615' is missing from the main dataset, and is a top variant.
Warning: 'rs10198511' is missing from the main dataset, and is a top variant.
Warning: 'rs9808956' is missing from the main dataset, and is a top variant.
Warning: 'rs112479807' is missing from the main dataset, and is a top variant.
Warning: 'rs660140' is missing from the main dataset, and is a top variant.
Warning: 'rs10187549' is missing from the main dataset, and is a top variant.
Warning: 'rs6122560' is missing from the main dataset, and is a top variant.
Warning: 'rs547704163' is missing from the main dataset, and is a top variant.
Warning: 'rs76136269' is missing from the main dataset, and is a top variant.
Warning: 'rs117674966' is missing from the main dataset, and is a top variant.
Warning: 'rs34486390' is missing from the main dataset, and is a top variant.
Warning: 'rs11666265' is missing from the main dataset, and is a top variant.
Warning: 'rs1614726' is missing from the main dataset, and is a top variant.
Warning: 'rs2106480' is missing from the main dataset, and is a top variant.
Warning: 'rs62034326' is missing from the main dataset, and is a top variant.
Warning: 'rs9272139' is missing from the main dataset, and is a top variant.
Warning: 'rs75539558' is missing from the main dataset, and is a top variant.
Warning: 'rs2963481' is missing from the main dataset, and is a top variant.
Warning: 'rs34147202' is missing from the main dataset, and is a top variant.
Warning: 'rs62120363' is missing from the main dataset, and is a top variant.
Warning: 'rs7129492' is missing from the main dataset, and is a top variant.
Warning: 'rs12598357' is missing from the main dataset, and is a top variant.
Warning: 'rs1614727' is missing from the main dataset, and is a top variant.
Warning: 'rs61961500' is missing from the main dataset, and is a top variant.
Warning: 'rs770199665' is missing from the main dataset, and is a top variant.
Warning: 'rs2419923' is missing from the main dataset, and is a top variant.
Warning: 'rs240707' is missing from the main dataset, and is a top variant.
Warning: 'rs2820321' is missing from the main dataset, and is a top variant.
Warning: 'rs2395227' is missing from the main dataset, and is a top variant.
Warning: 'rs116956259' is missing from the main dataset, and is a top variant.
Warning: 'rs2419922' is missing from the main dataset, and is a top variant.
Warning: 'rs9937709' is missing from the main dataset, and is a top variant.
Warning: 'rs9933509' is missing from the main dataset, and is a top variant.
Warning: 'rs12441765' is missing from the main dataset, and is a top variant.
Warning: 'rs9267986' is missing from the main dataset, and is a top variant.
Warning: 'rs1794274' is missing from the main dataset, and is a top variant.
Warning: 'rs6757524' is missing from the main dataset, and is a top variant.
Warning: 'rs1017308' is missing from the main dataset, and is a top variant.
Warning: 'rs6066105' is missing from the main dataset, and is a top variant.
Warning: 'rs2053735' is missing from the main dataset, and is a top variant.
Warning: 'rs9931494' is missing from the main dataset, and is a top variant.
Warning: 'rs9860631' is missing from the main dataset, and is a top variant.
Warning: 'rs78889164' is missing from the main dataset, and is a top variant.
Warning: 'rs141934331' is missing from the main dataset, and is a top variant.
Warning: 'rs2040410' is missing from the main dataset, and is a top variant.
Warning: 'rs3132953' is missing from the main dataset, and is a top variant.
Warning: 'rs62034319' is missing from the main dataset, and is a top variant.
Warning: 'rs1052566' is missing from the main dataset, and is a top variant.
Warning: 'rs9265979' is missing from the main dataset, and is a top variant.
Warning: 'rs12474050' is missing from the main dataset, and is a top variant.
Warning: 'rs3131619' is missing from the main dataset, and is a top variant.
Warning: 'rs62034321' is missing from the main dataset, and is a top variant.
Warning: 'rs2428481' is missing from the main dataset, and is a top variant.
Warning: 'rs35084526' is missing from the main dataset, and is a top variant.
Warning: 'rs57619544' is missing from the main dataset, and is a top variant.
Warning: 'rs9265976' is missing from the main dataset, and is a top variant.
Warning: 'rs8192589' is missing from the main dataset, and is a top variant.
Warning: 'rs62034323' is missing from the main dataset, and is a top variant.
Warning: 'rs28772958' is missing from the main dataset, and is a top variant.
Warning: 'rs57898504' is missing from the main dataset, and is a top variant.
Warning: 'rs9265971' is missing from the main dataset, and is a top variant.
Warning: 'rs9265974' is missing from the main dataset, and is a top variant.
Warning: 'rs9265973' is missing from the main dataset, and is a top variant.
Warning: 'rs9931900' is missing from the main dataset, and is a top variant.
Warning: 'rs4704942' is missing from the main dataset, and is a top variant.
Warning: 'rs4788085' is missing from the main dataset, and is a top variant.
Warning: 'rs8046271' is missing from the main dataset, and is a top variant.
Warning: 'rs4788083' is missing from the main dataset, and is a top variant.
Warning: 'rs11010550' is missing from the main dataset, and is a top variant.
Warning: 'rs1794519' is missing from the main dataset, and is a top variant.
Warning: 'rs10174713' is missing from the main dataset, and is a top variant.
Warning: 'rs7202948' is missing from the main dataset, and is a top variant.
Warning: 'rs3130907' is missing from the main dataset, and is a top variant.
Warning: 'rs62034324' is missing from the main dataset, and is a top variant.
Warning: 'rs1128099' is missing from the main dataset, and is a top variant.
Warning: 'rs12267966' is missing from the main dataset, and is a top variant.
Warning: 'rs115178743' is missing from the main dataset, and is a top variant.
Warning: 'rs1397429' is missing from the main dataset, and is a top variant.
Warning: 'rs273508' is missing from the main dataset, and is a top variant.
Warning: 'rs1198327' is missing from the main dataset, and is a top variant.
Warning: 'rs143000017' is missing from the main dataset, and is a top variant.
Warning: 'rs4944940' is missing from the main dataset, and is a top variant.
Warning: 'rs62123561' is missing from the main dataset, and is a top variant.
Warning: 'rs3099839' is missing from the main dataset, and is a top variant.
Warning: 'rs1794520' is missing from the main dataset, and is a top variant.
Warning: 'rs1239674' is missing from the main dataset, and is a top variant.
Warning: 'rs55732704' is missing from the main dataset, and is a top variant.
Warning: 'rs2395228' is missing from the main dataset, and is a top variant.
Warning: 'rs79458631' is missing from the main dataset, and is a top variant.
Warning: 'rs3851166' is missing from the main dataset, and is a top variant.
Warning: 'rs273510' is missing from the main dataset, and is a top variant.
Warning: 'rs73019547' is missing from the main dataset, and is a top variant.
Warning: 'rs3132474' is missing from the main dataset, and is a top variant.
Warning: 'rs9274671' is missing from the main dataset, and is a top variant.
Warning: 'rs3132090' is missing from the main dataset, and is a top variant.
Warning: 'rs112535953' is missing from the main dataset, and is a top variant.
Warning: 'rs3132089' is missing from the main dataset, and is a top variant.
Warning: 'rs151182' is missing from the main dataset, and is a top variant.
Warning: 'rs17240464' is missing from the main dataset, and is a top variant.
Warning: 'rs4944053' is missing from the main dataset, and is a top variant.
Warning: 'rs271157' is missing from the main dataset, and is a top variant.
Warning: 'rs9265645' is missing from the main dataset, and is a top variant.
Warning: 'rs9266001' is missing from the main dataset, and is a top variant.
Warning: 'rs6762279' is missing from the main dataset, and is a top variant.
Warning: 'rs7996307' is missing from the main dataset, and is a top variant.
Warning: 'rs2923008' is missing from the main dataset, and is a top variant.
Warning: 'rs9265993' is missing from the main dataset, and is a top variant.
Warning: 'rs4569399' is missing from the main dataset, and is a top variant.
Warning: 'rs9265949' is missing from the main dataset, and is a top variant.
Warning: 'rs9265967' is missing from the main dataset, and is a top variant.
Warning: 'rs7748141' is missing from the main dataset, and is a top variant.
Warning: 'rs56345159' is missing from the main dataset, and is a top variant.
Warning: 'rs11696009' is missing from the main dataset, and is a top variant.
Warning: 'rs9265958' is missing from the main dataset, and is a top variant.
Warning: 'rs62033405' is missing from the main dataset, and is a top variant.
Warning: 'rs11281034' is missing from the main dataset, and is a top variant.
Warning: 'rs10623741' is missing from the main dataset, and is a top variant.
Warning: 'rs9316476' is missing from the main dataset, and is a top variant.
Warning: 'rs7936385' is missing from the main dataset, and is a top variant.
Warning: 'rs271160' is missing from the main dataset, and is a top variant.
Warning: 'rs2523571' is missing from the main dataset, and is a top variant.
Warning: 'rs2820319' is missing from the main dataset, and is a top variant.
Warning: 'rs9268144' is missing from the main dataset, and is a top variant.
Warning: 'rs3128986' is missing from the main dataset, and is a top variant.
Warning: 'rs2853999' is missing from the main dataset, and is a top variant.
Warning: 'rs3115556' is missing from the main dataset, and is a top variant.
Warning: 'rs148329135' is missing from the main dataset, and is a top variant.
Warning: 'rs9268123' is missing from the main dataset, and is a top variant.
Warning: 'rs138357161' is missing from the main dataset, and is a top variant.
Warning: 'rs17817712' is missing from the main dataset, and is a top variant.
Warning: 'rs56338130' is missing from the main dataset, and is a top variant.
Warning: 'rs7749529' is missing from the main dataset, and is a top variant.
Warning: 'rs2596547' is missing from the main dataset, and is a top variant.
Warning: 'rs1239675' is missing from the main dataset, and is a top variant.
Warning: 'rs12527741' is missing from the main dataset, and is a top variant.
Warning: 'rs240702' is missing from the main dataset, and is a top variant.
Warning: 'rs3736030' is missing from the main dataset, and is a top variant.
Warning: 'rs13075164' is missing from the main dataset, and is a top variant.
Warning: 'rs2256747' is missing from the main dataset, and is a top variant.
Warning: 'rs2256750' is missing from the main dataset, and is a top variant.
Warning: 'rs2844589' is missing from the main dataset, and is a top variant.
Warning: 'rs9265985' is missing from the main dataset, and is a top variant.
Warning: 'rs9268075' is missing from the main dataset, and is a top variant.
Warning: 'rs240705' is missing from the main dataset, and is a top variant.
Warning: 'rs9265982' is missing from the main dataset, and is a top variant.
Warning: 'rs271163' is missing from the main dataset, and is a top variant.
Warning: 'rs1239676' is missing from the main dataset, and is a top variant.
Warning: 'rs10899023' is missing from the main dataset, and is a top variant.
Warning: 'rs58489712' is missing from the main dataset, and is a top variant.
Warning: 'rs9268193' is missing from the main dataset, and is a top variant.
Warning: 'rs12446550' is missing from the main dataset, and is a top variant.
Warning: 'rs11970169' is missing from the main dataset, and is a top variant.
Warning: 'rs141448853' is missing from the main dataset, and is a top variant.
Warning: 'rs60572033' is missing from the main dataset, and is a top variant.
Warning: 'rs3130297' is missing from the main dataset, and is a top variant.
Warning: 'rs2505625' is missing from the main dataset, and is a top variant.
Warning: 'rs9265990' is missing from the main dataset, and is a top variant.
Warning: 'rs9265998' is missing from the main dataset, and is a top variant.
Warning: 'rs9265964' is missing from the main dataset, and is a top variant.
Warning: 'rs4808120' is missing from the main dataset, and is a top variant.
Warning: 'rs2010592' is missing from the main dataset, and is a top variant.
Warning: 'rs9265972' is missing from the main dataset, and is a top variant.
Warning: 'rs3093958' is missing from the main dataset, and is a top variant.
Warning: 'rs10899015' is missing from the main dataset, and is a top variant.
Warning: 'rs9268152' is missing from the main dataset, and is a top variant.
Warning: 'rs9268177' is missing from the main dataset, and is a top variant.
Warning: 'rs9268178' is missing from the main dataset, and is a top variant.
Warning: 'rs9268158' is missing from the main dataset, and is a top variant.
Warning: 'rs3016017' is missing from the main dataset, and is a top variant.
Warning: 'rs2923007' is missing from the main dataset, and is a top variant.
Warning: 'rs11969376' is missing from the main dataset, and is a top variant.
Warning: 'rs2523593' is missing from the main dataset, and is a top variant.
Warning: 'rs11075985' is missing from the main dataset, and is a top variant.
Warning: 'rs2394981' is missing from the main dataset, and is a top variant.
Warning: 'rs1336522' is missing from the main dataset, and is a top variant.
Warning: 'rs11698996' is missing from the main dataset, and is a top variant.
Warning: 'rs4944052' is missing from the main dataset, and is a top variant.
Warning: 'rs9926245' is missing from the main dataset, and is a top variant.
Warning: 'rs7944208' is missing from the main dataset, and is a top variant.
Warning: 'rs11418309' is missing from the main dataset, and is a top variant.
Warning: 'rs7905967' is missing from the main dataset, and is a top variant.
Warning: 'rs72999447' is missing from the main dataset, and is a top variant.
Warning: 'rs11698277' is missing from the main dataset, and is a top variant.
Warning: 'rs6066104' is missing from the main dataset, and is a top variant.
Warning: 'rs9265946' is missing from the main dataset, and is a top variant.
Warning: 'rs151179' is missing from the main dataset, and is a top variant.
Warning: 'rs2854010' is missing from the main dataset, and is a top variant.
Warning: 'rs271165' is missing from the main dataset, and is a top variant.
Warning: 'rs9265831' is missing from the main dataset, and is a top variant.
Warning: 'rs13331170' is missing from the main dataset, and is a top variant.
Warning: 'rs34926963' is missing from the main dataset, and is a top variant.
Warning: 'rs533379' is missing from the main dataset, and is a top variant.
Warning: 'rs67351386' is missing from the main dataset, and is a top variant.
Warning: 'rs3134796' is missing from the main dataset, and is a top variant.
Warning: 'rs3130477' is missing from the main dataset, and is a top variant.
Warning: 'rs12802837' is missing from the main dataset, and is a top variant.
Warning: 'rs6911415' is missing from the main dataset, and is a top variant.
Warning: 'rs4944912' is missing from the main dataset, and is a top variant.
Warning: 'rs7645903' is missing from the main dataset, and is a top variant.
Warning: 'rs7101472' is missing from the main dataset, and is a top variant.
Warning: 'rs2844530' is missing from the main dataset, and is a top variant.
Warning: 'rs6911552' is missing from the main dataset, and is a top variant.
Warning: 'rs153106' is missing from the main dataset, and is a top variant.
Warning: 'rs2394980' is missing from the main dataset, and is a top variant.
Warning: 'rs12802319' is missing from the main dataset, and is a top variant.
Warning: 'rs4808760' is missing from the main dataset, and is a top variant.
Warning: 'rs2854019' is missing from the main dataset, and is a top variant.
Warning: 'rs402175' is missing from the main dataset, and is a top variant.
Warning: 'rs117006327' is missing from the main dataset, and is a top variant.
Warning: 'rs10185019' is missing from the main dataset, and is a top variant.
Warning: 'rs4570996' is missing from the main dataset, and is a top variant.
Warning: 'rs7450305' is missing from the main dataset, and is a top variant.
Warning: 'rs10899018' is missing from the main dataset, and is a top variant.
Warning: 'rs59641461' is missing from the main dataset, and is a top variant.
Warning: 'rs2156874' is missing from the main dataset, and is a top variant.
Warning: 'rs12251016' is missing from the main dataset, and is a top variant.
Warning: 'rs9646647' is missing from the main dataset, and is a top variant.
Warning: 'rs4808770' is missing from the main dataset, and is a top variant.
Warning: 'rs9274678' is missing from the main dataset, and is a top variant.
Warning: 'rs7068649' is missing from the main dataset, and is a top variant.
Warning: 'rs116667074' is missing from the main dataset, and is a top variant.
Warning: 'rs1558901' is missing from the main dataset, and is a top variant.
Warning: 'rs3131296' is missing from the main dataset, and is a top variant.
Warning: 'rs2010528' is missing from the main dataset, and is a top variant.
Warning: 'rs2820322' is missing from the main dataset, and is a top variant.
Warning: 'rs9265886' is missing from the main dataset, and is a top variant.
Warning: 'rs9265857' is missing from the main dataset, and is a top variant.
Warning: 'rs2394978' is missing from the main dataset, and is a top variant.
Warning: 'rs71621626' is missing from the main dataset, and is a top variant.
Warning: 'rs1416901' is missing from the main dataset, and is a top variant.
Warning: 'rs271127' is missing from the main dataset, and is a top variant.
Warning: 'rs9923544' is missing from the main dataset, and is a top variant.
Warning: 'rs41286202' is missing from the main dataset, and is a top variant.
Warning: 'rs9265910' is missing from the main dataset, and is a top variant.
Warning: 'rs56252442' is missing from the main dataset, and is a top variant.
Warning: 'rs4944913' is missing from the main dataset, and is a top variant.
Warning: 'rs9265948' is missing from the main dataset, and is a top variant.
Warning: 'rs4684773' is missing from the main dataset, and is a top variant.
Warning: 'rs1868164' is missing from the main dataset, and is a top variant.
Warning: 'rs11964979' is missing from the main dataset, and is a top variant.
Warning: 'rs56137030' is missing from the main dataset, and is a top variant.
Warning: 'rs2394979' is missing from the main dataset, and is a top variant.
Warning: 'rs79994966' is missing from the main dataset, and is a top variant.
Warning: 'rs9265908' is missing from the main dataset, and is a top variant.
Warning: 'rs2596545' is missing from the main dataset, and is a top variant.
Warning: 'rs79347999' is missing from the main dataset, and is a top variant.
Warning: 'rs273492' is missing from the main dataset, and is a top variant.
Warning: 'rs73000187' is missing from the main dataset, and is a top variant.
Warning: 'rs4944914' is missing from the main dataset, and is a top variant.
Warning: 'rs2523573' is missing from the main dataset, and is a top variant.
Warning: 'rs139457431' is missing from the main dataset, and is a top variant.
Warning: 'rs9937053' is missing from the main dataset, and is a top variant.
Warning: 'rs9268026' is missing from the main dataset, and is a top variant.
Warning: 'rs535777' is missing from the main dataset, and is a top variant.
Warning: 'rs2507998' is missing from the main dataset, and is a top variant.
Warning: 'rs9923147' is missing from the main dataset, and is a top variant.
Warning: 'rs1634776' is missing from the main dataset, and is a top variant.
Warning: 'rs13088644' is missing from the main dataset, and is a top variant.
Warning: 'rs7751715' is missing from the main dataset, and is a top variant.
Warning: 'rs151301' is missing from the main dataset, and is a top variant.
Warning: 'rs2596510' is missing from the main dataset, and is a top variant.
Warning: 'rs73100528' is missing from the main dataset, and is a top variant.
Warning: 'rs6912858' is missing from the main dataset, and is a top variant.
Warning: 'rs11082719' is missing from the main dataset, and is a top variant.
Warning: 'rs6921393' is missing from the main dataset, and is a top variant.
Warning: 'rs62032566' is missing from the main dataset, and is a top variant.
Warning: 'rs3777886' is missing from the main dataset, and is a top variant.
Warning: 'rs7191618' is missing from the main dataset, and is a top variant.
Warning: 'rs1078212' is missing from the main dataset, and is a top variant.
Warning: 'rs67720873' is missing from the main dataset, and is a top variant.
Warning: 'rs9927317' is missing from the main dataset, and is a top variant.
Warning: 'rs1421086' is missing from the main dataset, and is a top variant.
Warning: 'rs3822937' is missing from the main dataset, and is a top variant.
Warning: 'rs2442735' is missing from the main dataset, and is a top variant.
Warning: 'rs2523584' is missing from the main dataset, and is a top variant.
Warning: 'rs62033400' is missing from the main dataset, and is a top variant.
Warning: 'rs9940646' is missing from the main dataset, and is a top variant.
Warning: 'rs2819347' is missing from the main dataset, and is a top variant.
Warning: 'rs271132' is missing from the main dataset, and is a top variant.
Warning: 'rs12449539' is missing from the main dataset, and is a top variant.
Warning: 'rs13323506' is missing from the main dataset, and is a top variant.
Warning: 'rs4035062' is missing from the main dataset, and is a top variant.
Warning: 'rs150155847' is missing from the main dataset, and is a top variant.
Warning: 'rs7130839' is missing from the main dataset, and is a top variant.
Warning: 'rs149271' is missing from the main dataset, and is a top variant.
Warning: 'rs271154' is missing from the main dataset, and is a top variant.
Warning: 'rs2905719' is missing from the main dataset, and is a top variant.
Warning: 'rs9535306' is missing from the main dataset, and is a top variant.
Warning: 'rs67867721' is missing from the main dataset, and is a top variant.
Warning: 'rs2523546' is missing from the main dataset, and is a top variant.
Warning: 'rs60045856' is missing from the main dataset, and is a top variant.
Warning: 'rs9265811' is missing from the main dataset, and is a top variant.
Warning: 'rs9385633' is missing from the main dataset, and is a top variant.
Warning: 'rs3736830' is missing from the main dataset, and is a top variant.
Warning: 'rs73047017' is missing from the main dataset, and is a top variant.
Warning: 'rs4143332' is missing from the main dataset, and is a top variant.
Warning: 'rs113392940' is missing from the main dataset, and is a top variant.
Warning: 'rs4996254' is missing from the main dataset, and is a top variant.
Warning: 'rs9265827' is missing from the main dataset, and is a top variant.
Warning: 'rs2922994' is missing from the main dataset, and is a top variant.
Warning: 'rs2844577' is missing from the main dataset, and is a top variant.
Warning: 'rs2596430' is missing from the main dataset, and is a top variant.
Warning: 'rs6442321' is missing from the main dataset, and is a top variant.
Warning: 'rs4851389' is missing from the main dataset, and is a top variant.
Warning: 'rs77481804' is missing from the main dataset, and is a top variant.
Warning: 'rs271123' is missing from the main dataset, and is a top variant.
Warning: 'rs2666773' is missing from the main dataset, and is a top variant.
Warning: 'rs9928094' is missing from the main dataset, and is a top variant.
Warning: 'rs11668601' is missing from the main dataset, and is a top variant.
Warning: 'rs3135383' is missing from the main dataset, and is a top variant.
Warning: 'rs12793288' is missing from the main dataset, and is a top variant.
Warning: 'rs2854011' is missing from the main dataset, and is a top variant.
Warning: 'rs4392743' is missing from the main dataset, and is a top variant.
Warning: 'rs9937354' is missing from the main dataset, and is a top variant.
Warning: 'rs926593' is missing from the main dataset, and is a top variant.
Warning: 'rs57292959' is missing from the main dataset, and is a top variant.
Warning: 'rs2819349' is missing from the main dataset, and is a top variant.
Warning: 'rs8108871' is missing from the main dataset, and is a top variant.
Warning: 'rs151303' is missing from the main dataset, and is a top variant.
Warning: 'rs11481863' is missing from the main dataset, and is a top variant.
Warning: 'rs181195' is missing from the main dataset, and is a top variant.
Warning: 'rs240704' is missing from the main dataset, and is a top variant.
Warning: 'rs72795232' is missing from the main dataset, and is a top variant.
Warning: 'rs2820318' is missing from the main dataset, and is a top variant.
Warning: 'rs61129347' is missing from the main dataset, and is a top variant.
Warning: 'rs7763411' is missing from the main dataset, and is a top variant.
Warning: 'rs72999449' is missing from the main dataset, and is a top variant.
Warning: 'rs271140' is missing from the main dataset, and is a top variant.
Warning: 'rs1338011' is missing from the main dataset, and is a top variant.
Warning: 'rs11747527' is missing from the main dataset, and is a top variant.
Warning: 'rs11012750' is missing from the main dataset, and is a top variant.
Warning: 'rs2820317' is missing from the main dataset, and is a top variant.
Warning: 'rs12783517' is missing from the main dataset, and is a top variant.
Warning: 'rs386480' is missing from the main dataset, and is a top variant.
Warning: 'rs6923702' is missing from the main dataset, and is a top variant.
Warning: 'rs76510133' is missing from the main dataset, and is a top variant.
Warning: 'rs7090708' is missing from the main dataset, and is a top variant.
Warning: 'rs28564269' is missing from the main dataset, and is a top variant.
Warning: 'rs7202296' is missing from the main dataset, and is a top variant.
Warning: 'rs11450190' is missing from the main dataset, and is a top variant.
Warning: 'rs9265937' is missing from the main dataset, and is a top variant.
Warning: 'rs9265939' is missing from the main dataset, and is a top variant.
Warning: 'rs910051' is missing from the main dataset, and is a top variant.
Warning: 'rs10410017' is missing from the main dataset, and is a top variant.
Warning: 'rs17817497' is missing from the main dataset, and is a top variant.
Warning: 'rs776659896' is missing from the main dataset, and is a top variant.
Warning: 'rs7749555' is missing from the main dataset, and is a top variant.
Warning: 'rs7748925' is missing from the main dataset, and is a top variant.
Warning: 'rs7632040' is missing from the main dataset, and is a top variant.
Warning: 'rs11075990' is missing from the main dataset, and is a top variant.
Warning: 'rs11075991' is missing from the main dataset, and is a top variant.
Warning: 'rs11075989' is missing from the main dataset, and is a top variant.
Warning: 'rs35587371' is missing from the main dataset, and is a top variant.
Warning: 'rs62120372' is missing from the main dataset, and is a top variant.
Warning: 'rs9940278' is missing from the main dataset, and is a top variant.
Warning: 'rs28393425' is missing from the main dataset, and is a top variant.
Warning: 'rs7187250' is missing from the main dataset, and is a top variant.
Warning: 'rs9265938' is missing from the main dataset, and is a top variant.
Warning: 'rs2819351' is missing from the main dataset, and is a top variant.
Warning: 'rs2820309' is missing from the main dataset, and is a top variant.
Warning: 'rs6779840' is missing from the main dataset, and is a top variant.
Warning: 'rs62033408' is missing from the main dataset, and is a top variant.
Warning: 'rs73027302' is missing from the main dataset, and is a top variant.
Warning: 'rs1400684' is missing from the main dataset, and is a top variant.
Warning: 'rs3006956' is missing from the main dataset, and is a top variant.
Warning: 'rs271121' is missing from the main dataset, and is a top variant.
Warning: 'rs10827617' is missing from the main dataset, and is a top variant.
Warning: 'rs7990293' is missing from the main dataset, and is a top variant.
Warning: 'rs4779525' is missing from the main dataset, and is a top variant.
Warning: 'rs9930397' is missing from the main dataset, and is a top variant.
Warning: 'rs9930333' is missing from the main dataset, and is a top variant.
Warning: 'rs6940757' is missing from the main dataset, and is a top variant.
Warning: 'rs273488' is missing from the main dataset, and is a top variant.
Warning: 'rs55878006' is missing from the main dataset, and is a top variant.
Warning: 'rs4290060' is missing from the main dataset, and is a top variant.
Warning: 'rs10468280' is missing from the main dataset, and is a top variant.
Warning: 'rs66908032' is missing from the main dataset, and is a top variant.
Warning: 'rs537872025' is missing from the main dataset, and is a top variant.
Warning: 'rs762921988' is missing from the main dataset, and is a top variant.
Warning: 'rs271180' is missing from the main dataset, and is a top variant.
Warning: 'rs7185735' is missing from the main dataset, and is a top variant.
Warning: 'rs780096' is missing from the main dataset, and is a top variant.
Warning: 'rs796856741' is missing from the main dataset, and is a top variant.
Warning: 'rs3094012' is missing from the main dataset, and is a top variant.
Warning: 'rs3132473' is missing from the main dataset, and is a top variant.
Warning: 'rs12288519' is missing from the main dataset, and is a top variant.
Warning: 'rs2384987' is missing from the main dataset, and is a top variant.
Warning: 'rs12277989' is missing from the main dataset, and is a top variant.
Warning: 'rs6745071' is missing from the main dataset, and is a top variant.
Warning: 'rs9926289' is missing from the main dataset, and is a top variant.
Warning: 'rs34344846' is missing from the main dataset, and is a top variant.
Warning: 'rs2820323' is missing from the main dataset, and is a top variant.
Warning: 'rs62405568' is missing from the main dataset, and is a top variant.
Warning: 'rs56313538' is missing from the main dataset, and is a top variant.
Warning: 'rs12625149' is missing from the main dataset, and is a top variant.
Warning: 'rs9373036' is missing from the main dataset, and is a top variant.
Warning: 'rs11010647' is missing from the main dataset, and is a top variant.
Warning: 'rs13333747' is missing from the main dataset, and is a top variant.
Warning: 'rs7190396' is missing from the main dataset, and is a top variant.
Warning: 'rs756151976' is missing from the main dataset, and is a top variant.
Warning: 'rs7206122' is missing from the main dataset, and is a top variant.
Warning: 'rs11075992' is missing from the main dataset, and is a top variant.
Warning: 'rs11075988' is missing from the main dataset, and is a top variant.
Warning: 'rs6088595' is missing from the main dataset, and is a top variant.
Warning: 'rs2155002' is missing from the main dataset, and is a top variant.
Warning: 'rs2155003' is missing from the main dataset, and is a top variant.
Warning: 'rs67159833' is missing from the main dataset, and is a top variant.
Warning: 'rs3751814' is missing from the main dataset, and is a top variant.
Warning: 'rs9936385' is missing from the main dataset, and is a top variant.
Warning: 'rs9923312' is missing from the main dataset, and is a top variant.
Warning: 'rs9923233' is missing from the main dataset, and is a top variant.
Warning: 'rs17237018' is missing from the main dataset, and is a top variant.
Warning: 'rs11844206' is missing from the main dataset, and is a top variant.
Warning: 'rs71475382' is missing from the main dataset, and is a top variant.
Warning: 'rs72803697' is missing from the main dataset, and is a top variant.
Warning: 'rs62033404' is missing from the main dataset, and is a top variant.
Warning: 'rs62033403' is missing from the main dataset, and is a top variant.
Warning: 'rs9937521' is missing from the main dataset, and is a top variant.
Warning: 'rs56345650' is missing from the main dataset, and is a top variant.
Warning: 'rs71475381' is missing from the main dataset, and is a top variant.
Warning: 'rs62503282' is missing from the main dataset, and is a top variant.
Warning: 'rs568974867' is missing from the main dataset, and is a top variant.
Warning: 'rs780095' is missing from the main dataset, and is a top variant.
Warning: 'rs9935401' is missing from the main dataset, and is a top variant.
Warning: 'rs7127935' is missing from the main dataset, and is a top variant.
Warning: 'rs180744' is missing from the main dataset, and is a top variant.
Warning: 'rs299654' is missing from the main dataset, and is a top variant.
Warning: 'rs7206410' is missing from the main dataset, and is a top variant.
Warning: 'rs875097' is missing from the main dataset, and is a top variant.
Warning: 'rs379362' is missing from the main dataset, and is a top variant.
Warning: 'rs7383481' is missing from the main dataset, and is a top variant.
Warning: 'rs17817964' is missing from the main dataset, and is a top variant.
Warning: 'rs8017877' is missing from the main dataset, and is a top variant.
Warning: 'rs3818008' is missing from the main dataset, and is a top variant.
Warning: 'rs9267123' is missing from the main dataset, and is a top variant.
Warning: 'rs12979238' is missing from the main dataset, and is a top variant.
Warning: 'rs4851388' is missing from the main dataset, and is a top variant.
Warning: 'rs56373944' is missing from the main dataset, and is a top variant.
Warning: 'rs11693851' is missing from the main dataset, and is a top variant.
Warning: 'rs148745415' is missing from the main dataset, and is a top variant.
Warning: 'rs9826044' is missing from the main dataset, and is a top variant.
Warning: 'rs981388' is missing from the main dataset, and is a top variant.
Warning: 'rs451165' is missing from the main dataset, and is a top variant.
Warning: 'rs7751379' is missing from the main dataset, and is a top variant.
Warning: 'rs11236207' is missing from the main dataset, and is a top variant.
Warning: 'rs72808430' is missing from the main dataset, and is a top variant.
Warning: 'rs10140111' is missing from the main dataset, and is a top variant.
Warning: 'rs34684954' is missing from the main dataset, and is a top variant.
Warning: 'rs1699351' is missing from the main dataset, and is a top variant.
Warning: 'rs150543119' is missing from the main dataset, and is a top variant.
Warning: 'rs72999466' is missing from the main dataset, and is a top variant.
Warning: 'rs1634753' is missing from the main dataset, and is a top variant.
Warning: 'rs9385632' is missing from the main dataset, and is a top variant.
Warning: 'rs12373724' is missing from the main dataset, and is a top variant.
Warning: 'rs56094641' is missing from the main dataset, and is a top variant.
Warning: 'rs55678963' is missing from the main dataset, and is a top variant.
Warning: 'rs375954718' is missing from the main dataset, and is a top variant.
Warning: 'rs62426670' is missing from the main dataset, and is a top variant.
Warning: 'rs9267092' is missing from the main dataset, and is a top variant.
Warning: 'rs12441543' is missing from the main dataset, and is a top variant.
Warning: 'rs3006961' is missing from the main dataset, and is a top variant.
Warning: 'rs3836459' is missing from the main dataset, and is a top variant.
Warning: 'rs777570833' is missing from the main dataset, and is a top variant.
Warning: 'rs28562191' is missing from the main dataset, and is a top variant.
Warning: 'rs1797889' is missing from the main dataset, and is a top variant.
Warning: 'rs34919626' is missing from the main dataset, and is a top variant.
Warning: 'rs112188874' is missing from the main dataset, and is a top variant.
Warning: 'rs11666906' is missing from the main dataset, and is a top variant.
Warning: 'rs2655267' is missing from the main dataset, and is a top variant.
Warning: 'rs62120366' is missing from the main dataset, and is a top variant.
Warning: 'rs61850044' is missing from the main dataset, and is a top variant.
Warning: 'rs11236176' is missing from the main dataset, and is a top variant.
Warning: 'rs6442252' is missing from the main dataset, and is a top variant.
Warning: 'rs71475380' is missing from the main dataset, and is a top variant.
Warning: 'rs4850955' is missing from the main dataset, and is a top variant.
Warning: 'rs151174' is missing from the main dataset, and is a top variant.
Warning: 'rs11671389' is missing from the main dataset, and is a top variant.
Warning: 'rs6768611' is missing from the main dataset, and is a top variant.
Warning: 'rs12336285' is missing from the main dataset, and is a top variant.
Warning: 'rs11844119' is missing from the main dataset, and is a top variant.
Warning: 'rs2004134' is missing from the main dataset, and is a top variant.
Warning: 'rs151178' is missing from the main dataset, and is a top variant.
Warning: 'rs9389047' is missing from the main dataset, and is a top variant.
Warning: 'rs11236175' is missing from the main dataset, and is a top variant.
Warning: 'rs79622589' is missing from the main dataset, and is a top variant.
Warning: 'rs1558902' is missing from the main dataset, and is a top variant.
Warning: 'rs62048402' is missing from the main dataset, and is a top variant.
Warning: 'rs62033399' is missing from the main dataset, and is a top variant.
Warning: 'rs3818006' is missing from the main dataset, and is a top variant.
Warning: 'rs12712085' is missing from the main dataset, and is a top variant.
Warning: 'rs35626515' is missing from the main dataset, and is a top variant.
Warning: 'rs55990904' is missing from the main dataset, and is a top variant.
Warning: 'rs200017044' is missing from the main dataset, and is a top variant.
Warning: 'rs11642015' is missing from the main dataset, and is a top variant.
Warning: 'rs3824875' is missing from the main dataset, and is a top variant.
Warning: 'rs759708025' is missing from the main dataset, and is a top variant.
Warning: 'rs759777208' is missing from the main dataset, and is a top variant.
Warning: 'rs6066226' is missing from the main dataset, and is a top variant.
Warning: 'rs34673581' is missing from the main dataset, and is a top variant.
Warning: 'rs3784235' is missing from the main dataset, and is a top variant.
Warning: 'rs2523495' is missing from the main dataset, and is a top variant.
Warning: 'rs11376374' is missing from the main dataset, and is a top variant.
Warning: 'rs299658' is missing from the main dataset, and is a top variant.
Warning: 'rs3036508' is missing from the main dataset, and is a top variant.
Warning: 'rs762737767' is missing from the main dataset, and is a top variant.
Warning: 'rs2003181' is missing from the main dataset, and is a top variant.
Warning: 'rs6018330' is missing from the main dataset, and is a top variant.
Warning: 'rs9869423' is missing from the main dataset, and is a top variant.
Warning: 'rs142116351' is missing from the main dataset, and is a top variant.
Warning: 'rs6753449' is missing from the main dataset, and is a top variant.
Warning: 'rs6018329' is missing from the main dataset, and is a top variant.
Warning: 'rs6122564' is missing from the main dataset, and is a top variant.
Warning: 'rs3129856' is missing from the main dataset, and is a top variant.
Warning: 'rs4779526' is missing from the main dataset, and is a top variant.
Warning: 'rs3129855' is missing from the main dataset, and is a top variant.
Warning: 'rs9276772' is missing from the main dataset, and is a top variant.
Warning: 'rs73027298' is missing from the main dataset, and is a top variant.
Warning: 'rs9399051' is missing from the main dataset, and is a top variant.
Warning: 'rs10139450' is missing from the main dataset, and is a top variant.
Warning: 'rs2225579' is missing from the main dataset, and is a top variant.
Warning: 'rs880616' is missing from the main dataset, and is a top variant.
Warning: 'rs11474729' is missing from the main dataset, and is a top variant.
Warning: 'rs2964486' is missing from the main dataset, and is a top variant.
Warning: 'rs954163' is missing from the main dataset, and is a top variant.
Warning: 'rs201853159' is missing from the main dataset, and is a top variant.
Warning: 'rs368739796' is missing from the main dataset, and is a top variant.
Warning: 'rs10112467' is missing from the main dataset, and is a top variant.
Warning: 'rs4808745' is missing from the main dataset, and is a top variant.
Warning: 'rs72977282' is missing from the main dataset, and is a top variant.
Warning: 'rs9400516' is missing from the main dataset, and is a top variant.
Warning: 'rs111563612' is missing from the main dataset, and is a top variant.
Warning: 'rs6124965' is missing from the main dataset, and is a top variant.
Warning: 'rs6124968' is missing from the main dataset, and is a top variant.
Warning: 'rs2065471' is missing from the main dataset, and is a top variant.
Warning: 'rs7151594' is missing from the main dataset, and is a top variant.
Warning: 'rs1667747' is missing from the main dataset, and is a top variant.
Warning: 'rs9321374' is missing from the main dataset, and is a top variant.
Warning: 'rs8051591' is missing from the main dataset, and is a top variant.
Warning: 'rs12971883' is missing from the main dataset, and is a top variant.
Warning: 'rs6018327' is missing from the main dataset, and is a top variant.
Warning: 'rs41519246' is missing from the main dataset, and is a top variant.
Warning: 'rs9814907' is missing from the main dataset, and is a top variant.
Warning: 'rs138137055' is missing from the main dataset, and is a top variant.
Warning: 'rs3818010' is missing from the main dataset, and is a top variant.
Warning: 'rs6758160' is missing from the main dataset, and is a top variant.
Warning: 'rs73194445' is missing from the main dataset, and is a top variant.
Warning: 'rs3851164' is missing from the main dataset, and is a top variant.
Warning: 'rs10139596' is missing from the main dataset, and is a top variant.
--clump: 42 clumps formed from 873 top variants.
Results written to
D:\SX\TMFI_CPI_MR\01_stage1_instruments\plink_tmfi_r2_0p001_kb10000.clumped .

End time: Fri Sep 18 16:14:57 2026
